record_id,report_type,report_date,rig,wellbore,source_file,source_status,source_match_count,source_resolved_path,master_match_status,normalization_status,validation_status,translation_status,translation_rows,operation_count,parsed_hours,ready_rows,pending_rows,official_hours,pending_hours,clock_derived_rows,open_issue_types,acceptance_status,issue_codes
drilling:PCND-034:2025-08-30:1,drilling,2025-08-30,SINOPEC 191,PCND-034,08302025-PCND-034-SNP-191-PEC-001-V1R1-REPORTE DIARIO DE PERFORACION.pdf,RESOLVED,1,/Users/jason/Documents/厄瓜钻井日报解析/厄瓜多尔资料/日报资料/钻井/191 PCND-034 PERF/08302025-PCND-034-SNP-191-PEC-001-V1R1-REPORTE DIARIO DE PERFORACION.pdf,MATCHED,NORMALIZED,ok,COMPLETED,19,13,24.0,13,0,24.0,0.0,0,[],PASS,[]
drilling:PCND-034:2025-08-31:2,drilling,2025-08-31,SINOPEC 191,PCND-034,08312025-PCND-034-SNP-191-PEC-002-V1R1-REPORTE DIARIO DE PERFORACION.pdf,RESOLVED,1,/Users/jason/Documents/厄瓜钻井日报解析/厄瓜多尔资料/日报资料/钻井/191 PCND-034 PERF/08312025-PCND-034-SNP-191-PEC-002-V1R1-REPORTE DIARIO DE PERFORACION.pdf,MATCHED,NORMALIZED,ok,COMPLETED,24,18,24.0,18,0,24.0,0.0,0,[],PASS,[]
drilling:PCND-034:2025-09-01:3,drilling,2025-09-01,SINOPEC 191,PCND-034,09012025-PCND-034-SNP-191-PEC-003-V1R1-REPORTE DIARIO DE PERFORACION.pdf,RESOLVED,1,/Users/jason/Documents/厄瓜钻井日报解析/厄瓜多尔资料/日报资料/钻井/191 PCND-034 PERF/09012025-PCND-034-SNP-191-PEC-003-V1R1-REPORTE DIARIO DE PERFORACION.pdf,MATCHED,NORMALIZED,ok,COMPLETED,12,6,24.0,6,0,24.0,0.0,0,[],PASS,[]
drilling:PCND-034:2025-09-02:4,drilling,2025-09-02,SINOPEC 191,PCND-034,09022025-PCND-034-SNP-191-PEC-004-V1R1-REPORTE DIARIO DE PERFORACION.pdf,RESOLVED,1,/Users/jason/Documents/厄瓜钻井日报解析/厄瓜多尔资料/日报资料/钻井/191 PCND-034 PERF/09022025-PCND-034-SNP-191-PEC-004-V1R1-REPORTE DIARIO DE PERFORACION.pdf,MATCHED,NORMALIZED,ok,COMPLETED,9,3,24.0,3,0,24.0,0.0,0,[],PASS,[]
drilling:PCND-034:2025-09-03:5,drilling,2025-09-03,SINOPEC 191,PCND-034,09032025-PCND-034-SIN-191-PEC-005-V1R1-REPORTE DIARIO DE PERFORACION.pdf,RESOLVED,1,/Users/jason/Documents/厄瓜钻井日报解析/厄瓜多尔资料/日报资料/钻井/191 PCND-034 PERF/09032025-PCND-034-SIN-191-PEC-005-V1R1-REPORTE DIARIO DE PERFORACION.pdf,MATCHED,NORMALIZED,ok,COMPLETED,7,1,24.0,1,0,24.0,0.0,0,[],PASS,[]
drilling:PCND-034:2025-09-04:6,drilling,2025-09-04,SINOPEC 191,PCND-034,09042025-PCND-034-SIN-191-PEC-006-V1R1-REPORTE DIARIO DE PERFORACION.PDF,RESOLVED,1,/Users/jason/Documents/厄瓜钻井日报解析/厄瓜多尔资料/日报资料/钻井/191 PCND-034 PERF/09042025-PCND-034-SIN-191-PEC-006-V1R1-REPORTE DIARIO DE PERFORACION.PDF,MATCHED,NORMALIZED,ok,COMPLETED,9,3,24.0,3,0,24.0,0.0,0,[],PASS,[]
drilling:PCND-034:2025-09-05:7,drilling,2025-09-05,SINOPEC 191,PCND-034,09052025-PCND-034-SNP-191-PEC-007-V1R1-REPORTE DIARIO DE PERFORACION.pdf,RESOLVED,1,/Users/jason/Documents/厄瓜钻井日报解析/厄瓜多尔资料/日报资料/钻井/191 PCND-034 PERF/09052025-PCND-034-SNP-191-PEC-007-V1R1-REPORTE DIARIO DE PERFORACION.pdf,MATCHED,NORMALIZED,ok,COMPLETED,17,11,24.0,11,0,24.0,0.0,0,[],PASS,[]
drilling:PCND-034:2025-09-06:8,drilling,2025-09-06,SINOPEC 191,PCND-034,09062025-PCND-034-SNP-191-PEC-008-V1R1-REPORTE DIARIO DE PERFORACION.pdf,RESOLVED,1,/Users/jason/Documents/厄瓜钻井日报解析/厄瓜多尔资料/日报资料/钻井/191 PCND-034 PERF/09062025-PCND-034-SNP-191-PEC-008-V1R1-REPORTE DIARIO DE PERFORACION.pdf,MATCHED,NORMALIZED,ok,COMPLETED,20,14,24.0,14,0,24.0,0.0,0,[],PASS,[]
drilling:PCND-034:2025-09-07:9,drilling,2025-09-07,SINOPEC 191,PCND-034,09072025-PCND-034-SNP-191-PEC-009-V1R1-REPORTE DIARIO DE PERFORACION.pdf,RESOLVED,1,/Users/jason/Documents/厄瓜钻井日报解析/厄瓜多尔资料/日报资料/钻井/191 PCND-034 PERF/09072025-PCND-034-SNP-191-PEC-009-V1R1-REPORTE DIARIO DE PERFORACION.pdf,MATCHED,NORMALIZED,ok,COMPLETED,17,11,24.0,11,0,24.0,0.0,0,[],PASS,[]
drilling:PCND-034:2025-09-08:10,drilling,2025-09-08,SINOPEC 191,PCND-034,09082025-PCND-034-SNP-191-PEC-010-V1R1-REPORTE DIARIO DE PERFORACION.pdf,RESOLVED,1,/Users/jason/Documents/厄瓜钻井日报解析/厄瓜多尔资料/日报资料/钻井/191 PCND-034 PERF/09082025-PCND-034-SNP-191-PEC-010-V1R1-REPORTE DIARIO DE PERFORACION.pdf,MATCHED,NORMALIZED,warning,COMPLETED,8,3,5.5,3,0,5.5,0.0,0,"[""HOURS_NOT_24""]",REVIEW,"[""BOUNDARY_HOURS_NOT_24""]"
drilling:PCND-034:2025-10-01:11,drilling,2025-10-01,SINOPEC 191,PCND-034,10012025-PCND-034-SNP-191-PEC-011-V1R1-REPORTE DIARIO DE PERFORACION.PDF,RESOLVED,1,/Users/jason/Documents/厄瓜钻井日报解析/厄瓜多尔资料/日报资料/钻井/191 PCND-034 PERF/10012025-PCND-034-SNP-191-PEC-011-V1R1-REPORTE DIARIO DE PERFORACION.PDF,MATCHED,NORMALIZED,ok,COMPLETED,16,10,24.0,10,0,24.0,0.0,0,[],PASS,[]
drilling:PCND-034:2025-10-02:12,drilling,2025-10-02,SINOPEC 191,PCND-034,10022025-PCND-034-SNP-191-PEC-012-V1R1-REPORTE DIARIO DE PERFORACION.PDF,RESOLVED,1,/Users/jason/Documents/厄瓜钻井日报解析/厄瓜多尔资料/日报资料/钻井/191 PCND-034 PERF/10022025-PCND-034-SNP-191-PEC-012-V1R1-REPORTE DIARIO DE PERFORACION.PDF,MATCHED,NORMALIZED,ok,COMPLETED,9,3,24.0,3,0,24.0,0.0,0,[],PASS,[]
drilling:PCND-034:2025-10-03:13,drilling,2025-10-03,SINOPEC 191,PCND-034,10032025-PCND-034-SNP-191-PEC-013-V1R1-REPORTE DIARIO DE PERFORACION.PDF,RESOLVED,1,/Users/jason/Documents/厄瓜钻井日报解析/厄瓜多尔资料/日报资料/钻井/191 PCND-034 PERF/10032025-PCND-034-SNP-191-PEC-013-V1R1-REPORTE DIARIO DE PERFORACION.PDF,MATCHED,NORMALIZED,ok,COMPLETED,9,3,24.0,3,0,24.0,0.0,0,[],PASS,[]
drilling:PCND-034:2025-10-04:14,drilling,2025-10-04,SINOPEC 191,PCND-034,10042025-PCND-034-SNP-191-PEC-014-V1R1-REPORTE DIARIO DE PERFORACION.PDF,RESOLVED,1,/Users/jason/Documents/厄瓜钻井日报解析/厄瓜多尔资料/日报资料/钻井/191 PCND-034 PERF/10042025-PCND-034-SNP-191-PEC-014-V1R1-REPORTE DIARIO DE PERFORACION.PDF,MATCHED,NORMALIZED,ok,COMPLETED,8,2,24.0,2,0,24.0,0.0,0,[],PASS,[]
drilling:PCND-034:2025-10-05:15,drilling,2025-10-05,SINOPEC 191,PCND-034,10052025-PCND-034-SNP-191-PEC-015-V1R1-REPORTE DIARIO DE PERFORACION.PDF,RESOLVED,1,/Users/jason/Documents/厄瓜钻井日报解析/厄瓜多尔资料/日报资料/钻井/191 PCND-034 PERF/10052025-PCND-034-SNP-191-PEC-015-V1R1-REPORTE DIARIO DE PERFORACION.PDF,MATCHED,NORMALIZED,ok,COMPLETED,18,12,24.0,12,0,24.0,0.0,0,[],PASS,[]
drilling:PCND-034:2025-10-06:16,drilling,2025-10-06,SINOPEC 191,PCND-034,10062025-PCND-034-SNP-191-PEC-016-V1R1-REPORTE DIARIO DE PERFORACION.PDF,RESOLVED,1,/Users/jason/Documents/厄瓜钻井日报解析/厄瓜多尔资料/日报资料/钻井/191 PCND-034 PERF/10062025-PCND-034-SNP-191-PEC-016-V1R1-REPORTE DIARIO DE PERFORACION.PDF,MATCHED,NORMALIZED,ok,COMPLETED,10,4,24.0,4,0,24.0,0.0,0,[],PASS,[]
drilling:PCND-034:2025-10-07:17,drilling,2025-10-07,SINOPEC 191,PCND-034,10072025-PCND-034-SNP-191-PEC-017-V1R1-REPORTE DIARIO DE PERFORACION.PDF,RESOLVED,1,/Users/jason/Documents/厄瓜钻井日报解析/厄瓜多尔资料/日报资料/钻井/191 PCND-034 PERF/10072025-PCND-034-SNP-191-PEC-017-V1R1-REPORTE DIARIO DE PERFORACION.PDF,MATCHED,NORMALIZED,ok,COMPLETED,12,6,24.0,6,0,24.0,0.0,0,[],PASS,[]
drilling:PCND-034:2025-10-08:18,drilling,2025-10-08,SINOPEC 191,PCND-034,10082025-PCND-034-SNP-191-PEC-018-V1R1-REPORTE DIARIO DE PERFORACION.PDF,RESOLVED,1,/Users/jason/Documents/厄瓜钻井日报解析/厄瓜多尔资料/日报资料/钻井/191 PCND-034 PERF/10082025-PCND-034-SNP-191-PEC-018-V1R1-REPORTE DIARIO DE PERFORACION.PDF,MATCHED,NORMALIZED,ok,COMPLETED,23,17,24.0,17,0,24.0,0.0,0,[],PASS,[]
drilling:PCND-034:2025-10-09:19,drilling,2025-10-09,SINOPEC 191,PCND-034,10092025-PCND-034-SNP-191-PEC-019-V1R1-REPORTE DIARIO DE PERFORACION.PDF,RESOLVED,1,/Users/jason/Documents/厄瓜钻井日报解析/厄瓜多尔资料/日报资料/钻井/191 PCND-034 PERF/10092025-PCND-034-SNP-191-PEC-019-V1R1-REPORTE DIARIO DE PERFORACION.PDF,MATCHED,NORMALIZED,ok,COMPLETED,19,13,24.0,13,0,24.0,0.0,0,[],PASS,[]
drilling:PCND-034:2025-10-10:20,drilling,2025-10-10,SINOPEC 191,PCND-034,10102025-PCND-034-SNP-191-PEC-020-V1R1-REPORTE DIARIO DE PERFORACION.PDF,RESOLVED,1,/Users/jason/Documents/厄瓜钻井日报解析/厄瓜多尔资料/日报资料/钻井/191 PCND-034 PERF/10102025-PCND-034-SNP-191-PEC-020-V1R1-REPORTE DIARIO DE PERFORACION.PDF,MATCHED,NORMALIZED,ok,COMPLETED,22,16,24.0,16,0,24.0,0.0,0,[],PASS,[]
drilling:PCND-034:2025-10-11:21,drilling,2025-10-11,SINOPEC 191,PCND-034,10112025-PCND-034-SNP-191-PEC-021-V1R1-REPORTE DIARIO DE PERFORACION.PDF,RESOLVED,1,/Users/jason/Documents/厄瓜钻井日报解析/厄瓜多尔资料/日报资料/钻井/191 PCND-034 PERF/10112025-PCND-034-SNP-191-PEC-021-V1R1-REPORTE DIARIO DE PERFORACION.PDF,MATCHED,NORMALIZED,ok,COMPLETED,13,7,24.0,7,0,24.0,0.0,0,[],PASS,[]
drilling:PCND-034:2025-10-12:22,drilling,2025-10-12,SINOPEC 191,PCND-034,10122025-PCND-034-SNP-191-PEC-022-V1R1-REPORTE DIARIO DE PERFORACION.PDF,RESOLVED,1,/Users/jason/Documents/厄瓜钻井日报解析/厄瓜多尔资料/日报资料/钻井/191 PCND-034 PERF/10122025-PCND-034-SNP-191-PEC-022-V1R1-REPORTE DIARIO DE PERFORACION.PDF,MATCHED,NORMALIZED,ok,COMPLETED,15,9,24.0,9,0,24.0,0.0,0,[],PASS,[]
drilling:PCND-034:2025-10-13:23,drilling,2025-10-13,SINOPEC 191,PCND-034,10132025-PCND-034-SNP-191-PEC-023-V1R1-REPORTE DIARIO DE PERFORACION.PDF,RESOLVED,1,/Users/jason/Documents/厄瓜钻井日报解析/厄瓜多尔资料/日报资料/钻井/191 PCND-034 PERF/10132025-PCND-034-SNP-191-PEC-023-V1R1-REPORTE DIARIO DE PERFORACION.PDF,MATCHED,NORMALIZED,ok,COMPLETED,7,1,24.0,1,0,24.0,0.0,0,[],PASS,[]
drilling:PCND-034:2025-10-14:24,drilling,2025-10-14,SINOPEC 191,PCND-034,10142025-PCND-034-SNP-191-PEC-024-V1R1-REPORTE DIARIO DE PERFORACION.PDF,RESOLVED,1,/Users/jason/Documents/厄瓜钻井日报解析/厄瓜多尔资料/日报资料/钻井/191 PCND-034 PERF/10142025-PCND-034-SNP-191-PEC-024-V1R1-REPORTE DIARIO DE PERFORACION.PDF,MATCHED,NORMALIZED,ok,COMPLETED,7,1,24.0,1,0,24.0,0.0,0,[],PASS,[]
drilling:PCND-034:2025-10-15:25,drilling,2025-10-15,SINOPEC 191,PCND-034,10152025-PCND-034-SNP-191-PEC-025-V1R1-REPORTE DIARIO DE PERFORACION.pdf,RESOLVED,1,/Users/jason/Documents/厄瓜钻井日报解析/厄瓜多尔资料/日报资料/钻井/191 PCND-034 PERF/10152025-PCND-034-SNP-191-PEC-025-V1R1-REPORTE DIARIO DE PERFORACION.pdf,MATCHED,NORMALIZED,ok,COMPLETED,16,10,24.0,10,0,24.0,0.0,0,[],PASS,[]
drilling:PCND-034:2025-10-16:26,drilling,2025-10-16,SINOPEC 191,PCND-034,10162025-PCND-034-SNP-191-PEC-026-V1R1-REPORTE DIARIO DE PERFORACION.PDF,RESOLVED,1,/Users/jason/Documents/厄瓜钻井日报解析/厄瓜多尔资料/日报资料/钻井/191 PCND-034 PERF/10162025-PCND-034-SNP-191-PEC-026-V1R1-REPORTE DIARIO DE PERFORACION.PDF,MATCHED,NORMALIZED,warning,COMPLETED,17,11,24.0,11,0,24.0,0.0,0,[],PASS,[]
drilling:PCND-034:2025-10-17:27,drilling,2025-10-17,SINOPEC 191,PCND-034,10172025-PCND-034-SNP-191-PEC-027-V1R1-REPORTE DIARIO DE PERFORACION.pdf,RESOLVED,1,/Users/jason/Documents/厄瓜钻井日报解析/厄瓜多尔资料/日报资料/钻井/191 PCND-034 PERF/10172025-PCND-034-SNP-191-PEC-027-V1R1-REPORTE DIARIO DE PERFORACION.pdf,MATCHED,NORMALIZED,ok,COMPLETED,20,14,24.0,14,0,24.0,0.0,0,[],PASS,[]
drilling:PCND-034:2025-10-18:28,drilling,2025-10-18,SINOPEC 191,PCND-034,10182025-PCND-034-SNP-191-PEC-028-V1R1-REPORTE DIARIO DE PERFORACION.PDF,RESOLVED,1,/Users/jason/Documents/厄瓜钻井日报解析/厄瓜多尔资料/日报资料/钻井/191 PCND-034 PERF/10182025-PCND-034-SNP-191-PEC-028-V1R1-REPORTE DIARIO DE PERFORACION.PDF,MATCHED,NORMALIZED,warning,COMPLETED,6,1,7.0,1,0,7.0,0.0,0,"[""HOURS_NOT_24""]",REVIEW,"[""BOUNDARY_HOURS_NOT_24""]"
drilling:LOBC-009:2026-04-11:1,drilling,2026-04-11,SINOPEC 127,LOBC-009,04112026-LOBC-009-SIN-127-PEC-001-V1R1-REPORTE DIARIO DE PERFORACIÓN.pdf,RESOLVED,1,/Users/jason/Documents/厄瓜钻井日报解析/厄瓜多尔资料/日报资料/钻井/ow fin/04112026-LOBC-009-SIN-127-PEC-001-V1R1-REPORTE DIARIO DE PERFORACIÓN.pdf,MATCHED,NORMALIZED,ok,COMPLETED,13,7,24.0,7,0,24.0,0.0,0,[],PASS,[]
drilling:LOBC-009:2026-04-12:2,drilling,2026-04-12,SINOPEC 127,LOBC-009,04122026-LOBC-009-SIN-127-PEC-002-V1R1-REPORTE DIARIO DE PERFORACIÓN.pdf,RESOLVED,1,/Users/jason/Documents/厄瓜钻井日报解析/厄瓜多尔资料/日报资料/钻井/ow fin/04122026-LOBC-009-SIN-127-PEC-002-V1R1-REPORTE DIARIO DE PERFORACIÓN.pdf,MATCHED,NORMALIZED,ok,COMPLETED,22,16,24.0,16,0,24.0,0.0,0,[],PASS,[]
drilling:LOBC-009:2026-04-13:3,drilling,2026-04-13,SINOPEC 127,LOBC-009,04132026-LOBC-009-SIN-127-PEC-003-V1R1-REPORTE DIARIO DE PERFORACIÓN.pdf,RESOLVED,1,/Users/jason/Documents/厄瓜钻井日报解析/厄瓜多尔资料/日报资料/钻井/ow fin/04132026-LOBC-009-SIN-127-PEC-003-V1R1-REPORTE DIARIO DE PERFORACIÓN.pdf,MATCHED,NORMALIZED,ok,COMPLETED,17,11,24.0,11,0,24.0,0.0,0,[],PASS,[]
drilling:LOBC-009:2026-04-14:4,drilling,2026-04-14,SINOPEC 127,LOBC-009,04142026-LOBC-009-SIN-127-PEC-004-V1R1-REPORTE DIARIO DE PERFORACIÓN.pdf,RESOLVED,1,/Users/jason/Documents/厄瓜钻井日报解析/厄瓜多尔资料/日报资料/钻井/ow fin/04142026-LOBC-009-SIN-127-PEC-004-V1R1-REPORTE DIARIO DE PERFORACIÓN.pdf,MATCHED,NORMALIZED,ok,COMPLETED,17,11,24.0,11,0,24.0,0.0,0,[],PASS,[]
drilling:LOBC-009:2026-04-15:5,drilling,2026-04-15,SINOPEC 127,LOBC-009,04152026-LOBC-009-SIN-127-PEC-005-V1R1-REPORTE DIARIO DE PERFORACIÓN.pdf,RESOLVED,1,/Users/jason/Documents/厄瓜钻井日报解析/厄瓜多尔资料/日报资料/钻井/ow fin/04152026-LOBC-009-SIN-127-PEC-005-V1R1-REPORTE DIARIO DE PERFORACIÓN.pdf,MATCHED,NORMALIZED,ok,COMPLETED,9,3,24.0,3,0,24.0,0.0,0,[],PASS,[]
drilling:LOBC-009:2026-04-16:6,drilling,2026-04-16,SINOPEC 127,LOBC-009,04162026-LOBC-009-SIN-127-PEC-006-V1R1-REPORTE DIARIO DE PERFORACIÓN.pdf,RESOLVED,1,/Users/jason/Documents/厄瓜钻井日报解析/厄瓜多尔资料/日报资料/钻井/ow fin/04162026-LOBC-009-SIN-127-PEC-006-V1R1-REPORTE DIARIO DE PERFORACIÓN.pdf,MATCHED,NORMALIZED,ok,COMPLETED,10,4,24.0,4,0,24.0,0.0,0,[],PASS,[]
drilling:LOBC-009:2026-04-17:7,drilling,2026-04-17,SINOPEC 127,LOBC-009,04172026-LOBC-009-SIN-127-PEC-007-V1R1-REPORTE DIARIO DE PERFORACIÓN.pdf,RESOLVED,1,/Users/jason/Documents/厄瓜钻井日报解析/厄瓜多尔资料/日报资料/钻井/ow fin/04172026-LOBC-009-SIN-127-PEC-007-V1R1-REPORTE DIARIO DE PERFORACIÓN.pdf,MATCHED,NORMALIZED,ok,COMPLETED,21,15,24.0,15,0,24.0,0.0,0,[],PASS,[]
drilling:LOBC-009:2026-04-18:8,drilling,2026-04-18,SINOPEC 127,LOBC-009,04182026-LOBC-009-SIN-127-PEC-008-V1R1-REPORTE DIARIO DE PERFORACIÓN.pdf,RESOLVED,1,/Users/jason/Documents/厄瓜钻井日报解析/厄瓜多尔资料/日报资料/钻井/ow fin/04182026-LOBC-009-SIN-127-PEC-008-V1R1-REPORTE DIARIO DE PERFORACIÓN.pdf,MATCHED,NORMALIZED,ok,COMPLETED,13,7,24.0,7,0,24.0,0.0,0,[],PASS,[]
drilling:LOBC-009:2026-04-19:9,drilling,2026-04-19,SINOPEC 127,LOBC-009,04192026-LOBC-009-SIN-127-PEC-009-V1R1-REPORTE DIARIO DE PERFORACIÓN.pdf,RESOLVED,1,/Users/jason/Documents/厄瓜钻井日报解析/厄瓜多尔资料/日报资料/钻井/ow fin/04192026-LOBC-009-SIN-127-PEC-009-V1R1-REPORTE DIARIO DE PERFORACIÓN.pdf,MATCHED,NORMALIZED,ok,COMPLETED,21,15,24.0,15,0,24.0,0.0,0,[],PASS,[]
drilling:LOBC-009:2026-04-20:10,drilling,2026-04-20,SINOPEC 127,LOBC-009,04202026-LOBC-009-SIN-127-PEC-010-V1R1-REPORTE DIARIO DE PERFORACIÓN.pdf,RESOLVED,1,/Users/jason/Documents/厄瓜钻井日报解析/厄瓜多尔资料/日报资料/钻井/ow fin/04202026-LOBC-009-SIN-127-PEC-010-V1R1-REPORTE DIARIO DE PERFORACIÓN.pdf,MATCHED,NORMALIZED,ok,COMPLETED,17,11,24.0,11,0,24.0,0.0,0,[],PASS,[]
drilling:LOBC-009:2026-04-21:11,drilling,2026-04-21,SINOPEC 127,LOBC-009,04212026-LOBC-009-SIN-127-PEC-011-V1R1-REPORTE DIARIO DE PERFORACIÓN.pdf,RESOLVED,1,/Users/jason/Documents/厄瓜钻井日报解析/厄瓜多尔资料/日报资料/钻井/ow fin/04212026-LOBC-009-SIN-127-PEC-011-V1R1-REPORTE DIARIO DE PERFORACIÓN.pdf,MATCHED,NORMALIZED,ok,COMPLETED,9,3,24.0,3,0,24.0,0.0,0,[],PASS,[]
drilling:LOBC-009:2026-04-22:12,drilling,2026-04-22,SINOPEC 127,LOBC-009,04222026-LOBC-009-SIN-127-PEC-012-V1R1-REPORTE DIARIO DE PERFORACIÓN.pdf,RESOLVED,1,/Users/jason/Documents/厄瓜钻井日报解析/厄瓜多尔资料/日报资料/钻井/ow fin/04222026-LOBC-009-SIN-127-PEC-012-V1R1-REPORTE DIARIO DE PERFORACIÓN.pdf,MATCHED,NORMALIZED,ok,COMPLETED,13,7,24.0,7,0,24.0,0.0,0,[],PASS,[]
drilling:LOBC-009:2026-04-23:13,drilling,2026-04-23,SINOPEC 127,LOBC-009,04232026-LOBC-009-SIN-127-PEC-013-V1R1-REPORTE DIARIO DE PERFORACIÓN.pdf,RESOLVED,1,/Users/jason/Documents/厄瓜钻井日报解析/厄瓜多尔资料/日报资料/钻井/ow fin/04232026-LOBC-009-SIN-127-PEC-013-V1R1-REPORTE DIARIO DE PERFORACIÓN.pdf,MATCHED,NORMALIZED,ok,COMPLETED,7,3,24.0,3,0,24.0,0.0,0,[],PASS,[]
drilling:LOBC-009:2026-04-24:14,drilling,2026-04-24,SINOPEC 127,LOBC-009,04242026-LOBC-009-SIN-127-PEC-014-V1R1-REPORTE DIARIO DE PERFORACIÓN.pdf,RESOLVED,1,/Users/jason/Documents/厄瓜钻井日报解析/厄瓜多尔资料/日报资料/钻井/ow fin/04242026-LOBC-009-SIN-127-PEC-014-V1R1-REPORTE DIARIO DE PERFORACIÓN.pdf,MATCHED,NORMALIZED,ok,COMPLETED,20,14,24.0,14,0,24.0,0.0,0,[],PASS,[]
drilling:LOBC-009:2026-04-25:15,drilling,2026-04-25,SINOPEC 127,LOBC-009,04252026-LOBC-009-SIN-127-PEC-015-V1R1-REPORTE DIARIO DE PERFORACIÓN.pdf,RESOLVED,1,/Users/jason/Documents/厄瓜钻井日报解析/厄瓜多尔资料/日报资料/钻井/ow fin/04252026-LOBC-009-SIN-127-PEC-015-V1R1-REPORTE DIARIO DE PERFORACIÓN.pdf,MATCHED,NORMALIZED,ok,COMPLETED,20,14,24.0,14,0,24.0,0.0,0,[],PASS,[]
drilling:LOBC-009:2026-04-26:16,drilling,2026-04-26,SINOPEC 127,LOBC-009,04262026-LOBC-009-SIN-127-PEC-016-V1R1-REPORTE DIARIO DE PERFORACIÓN.pdf,RESOLVED,1,/Users/jason/Documents/厄瓜钻井日报解析/厄瓜多尔资料/日报资料/钻井/ow fin/04262026-LOBC-009-SIN-127-PEC-016-V1R1-REPORTE DIARIO DE PERFORACIÓN.pdf,MATCHED,NORMALIZED,ok,COMPLETED,20,14,24.0,14,0,24.0,0.0,0,[],PASS,[]
drilling:LOBC-009:2026-04-27:17,drilling,2026-04-27,SINOPEC 127,LOBC-009,04272026-LOBC-009-SIN-127-PEC-017-V1R1-REPORTE DIARIO DE PERFORACIÓN.pdf,RESOLVED,1,/Users/jason/Documents/厄瓜钻井日报解析/厄瓜多尔资料/日报资料/钻井/ow fin/04272026-LOBC-009-SIN-127-PEC-017-V1R1-REPORTE DIARIO DE PERFORACIÓN.pdf,MATCHED,NORMALIZED,ok,COMPLETED,18,12,24.0,12,0,24.0,0.0,0,[],PASS,[]
drilling:LOBC-009:2026-04-28:18,drilling,2026-04-28,SINOPEC 127,LOBC-009,04282026-LOBC-009-SIN-127-PEC-018-V1R1-REPORTE DIARIO DE PERFORACIÓN.pdf,RESOLVED,1,/Users/jason/Documents/厄瓜钻井日报解析/厄瓜多尔资料/日报资料/钻井/ow fin/04282026-LOBC-009-SIN-127-PEC-018-V1R1-REPORTE DIARIO DE PERFORACIÓN.pdf,MATCHED,NORMALIZED,ok,COMPLETED,7,1,24.0,1,0,24.0,0.0,0,[],PASS,[]
drilling:LOBC-009:2026-04-29:19,drilling,2026-04-29,SINOPEC 127,LOBC-009,04292026-LOBC-009-SIN-127-PEC-019-V1R1-REPORTE DIARIO DE PERFORACIÓN.pdf,RESOLVED,1,/Users/jason/Documents/厄瓜钻井日报解析/厄瓜多尔资料/日报资料/钻井/ow fin/04292026-LOBC-009-SIN-127-PEC-019-V1R1-REPORTE DIARIO DE PERFORACIÓN.pdf,MATCHED,NORMALIZED,ok,COMPLETED,10,4,24.0,4,0,24.0,0.0,0,[],PASS,[]
drilling:LOBC-009:2026-04-30:20,drilling,2026-04-30,SINOPEC 127,LOBC-009,04302026-LOBC-009-SIN-127-PEC-020-V1R1-REPORTE DIARIO DE PERFORACIÓN.pdf,RESOLVED,1,/Users/jason/Documents/厄瓜钻井日报解析/厄瓜多尔资料/日报资料/钻井/ow fin/04302026-LOBC-009-SIN-127-PEC-020-V1R1-REPORTE DIARIO DE PERFORACIÓN.pdf,MATCHED,NORMALIZED,ok,COMPLETED,21,15,24.0,15,0,24.0,0.0,0,[],PASS,[]
drilling:LOBC-009:2026-05-01:21,drilling,2026-05-01,SINOPEC 127,LOBC-009,05012026-LOBC-009-SIN-127-PEC-021-V1R1-REPORTE DIARIO DE PERFORACIÓN.pdf,RESOLVED,1,/Users/jason/Documents/厄瓜钻井日报解析/厄瓜多尔资料/日报资料/钻井/ow fin/05012026-LOBC-009-SIN-127-PEC-021-V1R1-REPORTE DIARIO DE PERFORACIÓN.pdf,MATCHED,NORMALIZED,ok,COMPLETED,13,7,24.0,7,0,24.0,0.0,0,[],PASS,[]
drilling:LOBC-009:2026-05-02:22,drilling,2026-05-02,SINOPEC 127,LOBC-009,05022026-LOBC-009-SIN-127-PEC-022-V1R1-REPORTE DIARIO DE PERFORACIÓN.pdf,RESOLVED,1,/Users/jason/Documents/厄瓜钻井日报解析/厄瓜多尔资料/日报资料/钻井/ow fin/05022026-LOBC-009-SIN-127-PEC-022-V1R1-REPORTE DIARIO DE PERFORACIÓN.pdf,MATCHED,NORMALIZED,warning,COMPLETED,14,8,17.0,8,0,17.0,0.0,0,"[""HOURS_NOT_24""]",REVIEW,"[""BOUNDARY_HOURS_NOT_24""]"
drilling:PCNC-039:2026-05-13:1,drilling,2026-05-13,SINOPEC 248,PCNC-039,05-13-2026_Daily Drilling Report-001_PCNC-039_SNP-248.pdf,RESOLVED,1,/Users/jason/Documents/厄瓜钻井日报解析/厄瓜多尔资料/华为ai任务资料/钻井日报/OW DRL PCNC-039/05-13-2026_Daily Drilling Report-001_PCNC-039_SNP-248.pdf,MATCHED,NORMALIZED,warning,COMPLETED,18,12,17.0,12,0,17.0,0.0,0,"[""HOURS_NOT_24""]",REVIEW,"[""BOUNDARY_HOURS_NOT_24""]"
drilling:PCNC-039:2026-05-14:2,drilling,2026-05-14,SINOPEC 248,PCNC-039,05-14-2026_DAILY DRILLING REPORT #02_PCNC-039_SNP-248.pdf,RESOLVED,1,/Users/jason/Documents/厄瓜钻井日报解析/厄瓜多尔资料/华为ai任务资料/钻井日报/OW DRL PCNC-039/05-14-2026_DAILY DRILLING REPORT #02_PCNC-039_SNP-248.pdf,MATCHED,NORMALIZED,ok,COMPLETED,11,5,24.0,5,0,24.0,0.0,0,[],PASS,[]
drilling:PCNC-039:2026-05-15:3,drilling,2026-05-15,SINOPEC 248,PCNC-039,05-15-2026_DAILY DRILLING REPORT #03_PCNC-039_SNP-248.pdf,RESOLVED,1,/Users/jason/Documents/厄瓜钻井日报解析/厄瓜多尔资料/华为ai任务资料/钻井日报/OW DRL PCNC-039/05-15-2026_DAILY DRILLING REPORT #03_PCNC-039_SNP-248.pdf,MATCHED,NORMALIZED,ok,COMPLETED,12,6,24.0,6,0,24.0,0.0,0,[],PASS,[]
drilling:PCNC-039:2026-05-16:4,drilling,2026-05-16,SINOPEC 248,PCNC-039,05-16-2026_DAILY DRILLING REPORT #04_PCNC-039_SNP-248.pdf,RESOLVED,1,/Users/jason/Documents/厄瓜钻井日报解析/厄瓜多尔资料/华为ai任务资料/钻井日报/OW DRL PCNC-039/05-16-2026_DAILY DRILLING REPORT #04_PCNC-039_SNP-248.pdf,MATCHED,NORMALIZED,ok,COMPLETED,8,2,24.0,2,0,24.0,0.0,0,[],PASS,[]
drilling:PCNC-039:2026-05-17:5,drilling,2026-05-17,SINOPEC 248,PCNC-039,05-17-2026_DAILY DRILLING REPORT #05_PCNC-039_SNP-248.pdf,RESOLVED,1,/Users/jason/Documents/厄瓜钻井日报解析/厄瓜多尔资料/华为ai任务资料/钻井日报/OW DRL PCNC-039/05-17-2026_DAILY DRILLING REPORT #05_PCNC-039_SNP-248.pdf,MATCHED,NORMALIZED,warning,COMPLETED,11,6,24.0,6,0,24.0,0.0,0,[],PASS,[]
drilling:PCNC-039:2026-05-18:6,drilling,2026-05-18,SINOPEC 248,PCNC-039,05-18-2026_DAILY DRILLING REPORT #05_PCNC-039_SNP-248.pdf,RESOLVED,1,/Users/jason/Documents/厄瓜钻井日报解析/厄瓜多尔资料/华为ai任务资料/钻井日报/OW DRL PCNC-039/05-18-2026_DAILY DRILLING REPORT #05_PCNC-039_SNP-248.pdf,MATCHED,NORMALIZED,warning,COMPLETED,17,12,24.0,12,0,24.0,0.0,0,[],PASS,[]
drilling:PCNC-039:2026-05-19:7,drilling,2026-05-19,SINOPEC 248,PCNC-039,05-19-2026_DAILY DRILLING REPORT #07_PCNC-039_SNP-248.pdf,RESOLVED,1,/Users/jason/Documents/厄瓜钻井日报解析/厄瓜多尔资料/华为ai任务资料/钻井日报/OW DRL PCNC-039/05-19-2026_DAILY DRILLING REPORT #07_PCNC-039_SNP-248.pdf,MATCHED,NORMALIZED,ok,COMPLETED,22,16,24.0,16,0,24.0,0.0,0,[],PASS,[]
drilling:PCNC-039:2026-05-20:8,drilling,2026-05-20,SINOPEC 248,PCNC-039,05-20-2026_DAILY DRILLING REPORT #08_PCNC-039_SNP-248.pdf,RESOLVED,1,/Users/jason/Documents/厄瓜钻井日报解析/厄瓜多尔资料/华为ai任务资料/钻井日报/OW DRL PCNC-039/05-20-2026_DAILY DRILLING REPORT #08_PCNC-039_SNP-248.pdf,MATCHED,NORMALIZED,ok,COMPLETED,23,17,24.0,17,0,24.0,0.0,0,[],PASS,[]
drilling:PCNC-039:2026-05-21:9,drilling,2026-05-21,SINOPEC 248,PCNC-039,05-21-2026_DAILY DRILLING REPORT #09_PCNC-039_SNP-248.pdf,RESOLVED,1,/Users/jason/Documents/厄瓜钻井日报解析/厄瓜多尔资料/华为ai任务资料/钻井日报/OW DRL PCNC-039/05-21-2026_DAILY DRILLING REPORT #09_PCNC-039_SNP-248.pdf,MATCHED,NORMALIZED,ok,COMPLETED,18,12,24.0,12,0,24.0,0.0,0,[],PASS,[]
drilling:PCNC-039:2026-05-22:10,drilling,2026-05-22,SINOPEC 248,PCNC-039,05-22-2026_DAILY DRILLING REPORT #10_PCNC-039_SNP-248.pdf,RESOLVED,1,/Users/jason/Documents/厄瓜钻井日报解析/厄瓜多尔资料/华为ai任务资料/钻井日报/OW DRL PCNC-039/05-22-2026_DAILY DRILLING REPORT #10_PCNC-039_SNP-248.pdf,MATCHED,NORMALIZED,warning,COMPLETED,12,7,24.0,7,0,24.0,0.0,0,[],PASS,[]
drilling:PCNC-039:2026-05-23:11,drilling,2026-05-23,SINOPEC 248,PCNC-039,05-23-2026_DAILY DRILLING REPORT #11_PCNC-039_SNP-248.pdf,RESOLVED,1,/Users/jason/Documents/厄瓜钻井日报解析/厄瓜多尔资料/华为ai任务资料/钻井日报/OW DRL PCNC-039/05-23-2026_DAILY DRILLING REPORT #11_PCNC-039_SNP-248.pdf,MATCHED,NORMALIZED,ok,COMPLETED,11,5,24.0,5,0,24.0,0.0,0,[],PASS,[]
drilling:PCNC-039:2026-05-24:12,drilling,2026-05-24,SINOPEC 248,PCNC-039,05-24-2026_DAILY DRILLING REPORT #12_PCNC-039_SNP-248.pdf,RESOLVED,1,/Users/jason/Documents/厄瓜钻井日报解析/厄瓜多尔资料/华为ai任务资料/钻井日报/OW DRL PCNC-039/05-24-2026_DAILY DRILLING REPORT #12_PCNC-039_SNP-248.pdf,MATCHED,NORMALIZED,ok,COMPLETED,14,8,24.0,8,0,24.0,0.0,0,[],PASS,[]
drilling:PCNC-039:2026-05-25:13,drilling,2026-05-25,SINOPEC 248,PCNC-039,05-25-2026_DAILY DRILLING REPORT #13_PCNC-039_SNP-248.pdf,RESOLVED,1,/Users/jason/Documents/厄瓜钻井日报解析/厄瓜多尔资料/华为ai任务资料/钻井日报/OW DRL PCNC-039/05-25-2026_DAILY DRILLING REPORT #13_PCNC-039_SNP-248.pdf,MATCHED,NORMALIZED,warning,COMPLETED,13,8,24.0,8,0,24.0,0.0,0,[],PASS,[]
completion:GCLH-022:2026-05-26:1,completion,2026-05-26,SINOPEC 183,GCLH-022,GCLH-022_完井日报_20260526_Report-01.pdf,RESOLVED,1,/Users/jason/Documents/厄瓜钻井日报解析/厄瓜多尔资料/华为ai任务资料/完井日报/GCLH-022_完井日报_按日期拆分/GCLH-022_完井日报_20260526_Report-01.pdf,MATCHED,NORMALIZED,warning,COMPLETED,16,10,24.0,10,0,24.0,0.0,0,[],PASS,[]
drilling:PCNC-039:2026-05-26:14,drilling,2026-05-26,SINOPEC 248,PCNC-039,05-26-2026_DAILY DRILLING REPORT #14_PCNC-039_SNP-248.pdf,RESOLVED,1,/Users/jason/Documents/厄瓜钻井日报解析/厄瓜多尔资料/华为ai任务资料/钻井日报/OW DRL PCNC-039/05-26-2026_DAILY DRILLING REPORT #14_PCNC-039_SNP-248.pdf,MATCHED,NORMALIZED,ok,COMPLETED,17,11,24.0,11,0,24.0,0.0,0,[],PASS,[]
completion:GCLH-022:2026-05-27:2,completion,2026-05-27,SINOPEC 183,GCLH-022,GCLH-022_完井日报_20260527_Report-02.pdf,RESOLVED,1,/Users/jason/Documents/厄瓜钻井日报解析/厄瓜多尔资料/华为ai任务资料/完井日报/GCLH-022_完井日报_按日期拆分/GCLH-022_完井日报_20260527_Report-02.pdf,MATCHED,NORMALIZED,ok,COMPLETED,19,13,24.0,13,0,24.0,0.0,0,[],PASS,[]
drilling:PCNC-039:2026-05-27:15,drilling,2026-05-27,SINOPEC 248,PCNC-039,05-27-2026_DAILY DRILLING REPORT #15_PCNC-039_SNP-248.pdf,RESOLVED,1,/Users/jason/Documents/厄瓜钻井日报解析/厄瓜多尔资料/华为ai任务资料/钻井日报/OW DRL PCNC-039/05-27-2026_DAILY DRILLING REPORT #15_PCNC-039_SNP-248.pdf,MATCHED,NORMALIZED,ok,COMPLETED,7,1,24.0,1,0,24.0,0.0,0,[],PASS,[]
completion:GCLH-022:2026-05-28:3,completion,2026-05-28,SINOPEC 183,GCLH-022,GCLH-022_完井日报_20260528_Report-03.pdf,RESOLVED,1,/Users/jason/Documents/厄瓜钻井日报解析/厄瓜多尔资料/华为ai任务资料/完井日报/GCLH-022_完井日报_按日期拆分/GCLH-022_完井日报_20260528_Report-03.pdf,MATCHED,NORMALIZED,warning,COMPLETED,14,8,24.0,8,0,24.0,0.0,0,[],PASS,[]
drilling:PCNC-039:2026-05-28:16,drilling,2026-05-28,SINOPEC 248,PCNC-039,05-28-2026_DAILY DRILLING REPORT #16_PCNC-039_SNP-248.pdf,RESOLVED,1,/Users/jason/Documents/厄瓜钻井日报解析/厄瓜多尔资料/华为ai任务资料/钻井日报/OW DRL PCNC-039/05-28-2026_DAILY DRILLING REPORT #16_PCNC-039_SNP-248.pdf,MATCHED,NORMALIZED,ok,COMPLETED,20,14,24.0,14,0,24.0,0.0,0,[],PASS,[]
completion:GCLH-022:2026-05-29:4,completion,2026-05-29,SINOPEC 183,GCLH-022,GCLH-022_完井日报_20260529_Report-04.pdf,RESOLVED,1,/Users/jason/Documents/厄瓜钻井日报解析/厄瓜多尔资料/华为ai任务资料/完井日报/GCLH-022_完井日报_按日期拆分/GCLH-022_完井日报_20260529_Report-04.pdf,MATCHED,NORMALIZED,warning,COMPLETED,10,4,24.0,4,0,24.0,0.0,0,[],PASS,[]
drilling:PCNC-039:2026-05-29:17,drilling,2026-05-29,SINOPEC 248,PCNC-039,05-29-2026_DAILY DRILLING REPORT #17_PCNC-039_SNP-248.pdf,RESOLVED,1,/Users/jason/Documents/厄瓜钻井日报解析/厄瓜多尔资料/华为ai任务资料/钻井日报/OW DRL PCNC-039/05-29-2026_DAILY DRILLING REPORT #17_PCNC-039_SNP-248.pdf,MATCHED,NORMALIZED,ok,COMPLETED,18,12,24.0,12,0,24.0,0.0,0,[],PASS,[]
workover:ACAH-273H:2026-05-29:1,workover,2026-05-29,SINOPEC 933,ACAH-273H,1. 05292026_RDO_ACAH-273H_WO#02 SINOPEC-933.pdf,RESOLVED,1,/Users/jason/Documents/厄瓜钻井日报解析/厄瓜多尔资料/日报资料/修井/13. ACAH-273H/1. 05292026_RDO_ACAH-273H_WO#02 SINOPEC-933.pdf,MATCHED,NORMALIZED,warning,COMPLETED,5,1,10.0,1,0,10.0,0.0,0,"[""HOURS_NOT_24""]",REVIEW,"[""BOUNDARY_HOURS_NOT_24""]"
completion:GCLH-022:2026-05-30:5,completion,2026-05-30,SINOPEC 183,GCLH-022,GCLH-022_完井日报_20260530_Report-05.pdf,RESOLVED,1,/Users/jason/Documents/厄瓜钻井日报解析/厄瓜多尔资料/华为ai任务资料/完井日报/GCLH-022_完井日报_按日期拆分/GCLH-022_完井日报_20260530_Report-05.pdf,MATCHED,NORMALIZED,warning,COMPLETED,17,11,24.0,11,0,24.0,0.0,0,[],PASS,[]
drilling:PCNC-039:2026-05-30:18,drilling,2026-05-30,SINOPEC 248,PCNC-039,05-30-2026_DAILY DRILLING REPORT #18_PCNC-039_SNP-248.pdf,RESOLVED,1,/Users/jason/Documents/厄瓜钻井日报解析/厄瓜多尔资料/华为ai任务资料/钻井日报/OW DRL PCNC-039/05-30-2026_DAILY DRILLING REPORT #18_PCNC-039_SNP-248.pdf,MATCHED,NORMALIZED,warning,COMPLETED,18,13,24.0,13,0,24.0,0.0,0,[],PASS,[]
workover:ACAH-273H:2026-05-30:2,workover,2026-05-30,SINOPEC 933,ACAH-273H,2. 05302026_RDO_ACAH-273H_WO#02 SINOPEC-933.pdf,RESOLVED,1,/Users/jason/Documents/厄瓜钻井日报解析/厄瓜多尔资料/日报资料/修井/13. ACAH-273H/2. 05302026_RDO_ACAH-273H_WO#02 SINOPEC-933.pdf,MATCHED,NORMALIZED,warning,COMPLETED,14,9,24.0,9,0,24.0,0.0,0,[],PASS,[]
completion:GCLH-022:2026-05-31:6,completion,2026-05-31,SINOPEC 183,GCLH-022,GCLH-022_完井日报_20260531_Report-06.pdf,RESOLVED,1,/Users/jason/Documents/厄瓜钻井日报解析/厄瓜多尔资料/华为ai任务资料/完井日报/GCLH-022_完井日报_按日期拆分/GCLH-022_完井日报_20260531_Report-06.pdf,MATCHED,NORMALIZED,warning,COMPLETED,17,11,24.0,11,0,24.0,0.0,0,[],PASS,[]
drilling:PCNC-039:2026-05-31:19,drilling,2026-05-31,SINOPEC 248,PCNC-039,05-31-2026_DAILY DRILLING REPORT #19_PCNC-039_SNP-248.pdf,RESOLVED,1,/Users/jason/Documents/厄瓜钻井日报解析/厄瓜多尔资料/华为ai任务资料/钻井日报/OW DRL PCNC-039/05-31-2026_DAILY DRILLING REPORT #19_PCNC-039_SNP-248.pdf,MATCHED,NORMALIZED,warning,COMPLETED,9,4,8.0,4,0,8.0,0.0,0,"[""HOURS_NOT_24""]",REVIEW,"[""BOUNDARY_HOURS_NOT_24""]"
completion:GCLH-022:2026-06-01:7,completion,2026-06-01,SINOPEC 183,GCLH-022,GCLH-022_完井日报_20260601_Report-07.pdf,RESOLVED,1,/Users/jason/Documents/厄瓜钻井日报解析/厄瓜多尔资料/华为ai任务资料/完井日报/GCLH-022_完井日报_按日期拆分/GCLH-022_完井日报_20260601_Report-07.pdf,MATCHED,NORMALIZED,warning,COMPLETED,13,7,24.0,7,0,24.0,0.0,0,[],PASS,[]
workover:ACAH-273H:2026-06-01:4,workover,2026-06-01,SINOPEC 933,ACAH-273H,4. 06012026_RDO_ACAH-273H_WO#02 SINOPEC-933.pdf,RESOLVED,1,/Users/jason/Documents/厄瓜钻井日报解析/厄瓜多尔资料/日报资料/修井/13. ACAH-273H/4. 06012026_RDO_ACAH-273H_WO#02 SINOPEC-933.pdf,MATCHED,NORMALIZED,ok,COMPLETED,16,11,24.0,11,0,24.0,0.0,0,[],PASS,[]
completion:GCLH-022:2026-06-02:8,completion,2026-06-02,SINOPEC 183,GCLH-022,GCLH-022_完井日报_20260602_Report-08.pdf,RESOLVED,1,/Users/jason/Documents/厄瓜钻井日报解析/厄瓜多尔资料/华为ai任务资料/完井日报/GCLH-022_完井日报_按日期拆分/GCLH-022_完井日报_20260602_Report-08.pdf,MATCHED,NORMALIZED,warning,COMPLETED,12,6,24.0,6,0,24.0,0.0,0,[],PASS,[]
completion:GCLH-022:2026-06-03:9,completion,2026-06-03,SINOPEC 183,GCLH-022,GCLH-022_完井日报_20260603_Report-09.pdf,RESOLVED,1,/Users/jason/Documents/厄瓜钻井日报解析/厄瓜多尔资料/华为ai任务资料/完井日报/GCLH-022_完井日报_按日期拆分/GCLH-022_完井日报_20260603_Report-09.pdf,MATCHED,NORMALIZED,warning,COMPLETED,15,9,24.0,9,0,24.0,0.0,0,[],PASS,[]
workover:ACAH-273H:2026-06-03:6,workover,2026-06-03,SINOPEC 933,ACAH-273H,6. 06032026_RDO_ACAH-273H_WO#02 SINOPEC-933.pdf,RESOLVED,1,/Users/jason/Documents/厄瓜钻井日报解析/厄瓜多尔资料/日报资料/修井/13. ACAH-273H/6. 06032026_RDO_ACAH-273H_WO#02 SINOPEC-933.pdf,MATCHED,NORMALIZED,warning,COMPLETED,13,8,24.0,8,0,24.0,0.0,0,[],PASS,[]
completion:GCLH-022:2026-06-04:10,completion,2026-06-04,SINOPEC 183,GCLH-022,GCLH-022_完井日报_20260604_Report-10.pdf,RESOLVED,1,/Users/jason/Documents/厄瓜钻井日报解析/厄瓜多尔资料/华为ai任务资料/完井日报/GCLH-022_完井日报_按日期拆分/GCLH-022_完井日报_20260604_Report-10.pdf,MATCHED,NORMALIZED,warning,COMPLETED,17,11,24.0,11,0,24.0,0.0,0,[],PASS,[]
workover:ACAH-273H:2026-06-04:7,workover,2026-06-04,SINOPEC 933,ACAH-273H,7. 06042026_RDO_ACAH-273H_WO#02 SINOPEC-933.pdf,RESOLVED,1,/Users/jason/Documents/厄瓜钻井日报解析/厄瓜多尔资料/日报资料/修井/13. ACAH-273H/7. 06042026_RDO_ACAH-273H_WO#02 SINOPEC-933.pdf,MATCHED,NORMALIZED,warning,COMPLETED,14,9,24.0,9,0,24.0,0.0,0,[],PASS,[]
completion:GCLH-022:2026-06-05:11,completion,2026-06-05,SINOPEC 183,GCLH-022,GCLH-022_完井日报_20260605_Report-11.pdf,RESOLVED,1,/Users/jason/Documents/厄瓜钻井日报解析/厄瓜多尔资料/华为ai任务资料/完井日报/GCLH-022_完井日报_按日期拆分/GCLH-022_完井日报_20260605_Report-11.pdf,MATCHED,NORMALIZED,warning,COMPLETED,14,8,24.0,8,0,24.0,0.0,0,[],PASS,[]
workover:ACAH-273H:2026-06-05:8,workover,2026-06-05,SINOPEC 933,ACAH-273H,8. 06052026_RDO_ACAH-273H_WO#02 SINOPEC-933.pdf,RESOLVED,1,/Users/jason/Documents/厄瓜钻井日报解析/厄瓜多尔资料/日报资料/修井/13. ACAH-273H/8. 06052026_RDO_ACAH-273H_WO#02 SINOPEC-933.pdf,MATCHED,NORMALIZED,warning,COMPLETED,7,2,24.0,2,0,24.0,0.0,0,[],PASS,[]
completion:GCLH-022:2026-06-06:12,completion,2026-06-06,SINOPEC 183,GCLH-022,GCLH-022_完井日报_20260606_Report-12.pdf,RESOLVED,1,/Users/jason/Documents/厄瓜钻井日报解析/厄瓜多尔资料/华为ai任务资料/完井日报/GCLH-022_完井日报_按日期拆分/GCLH-022_完井日报_20260606_Report-12.pdf,MATCHED,NORMALIZED,warning,COMPLETED,14,8,24.0,8,0,24.0,0.0,0,[],PASS,[]
workover:ACAH-273H:2026-06-06:9,workover,2026-06-06,SINOPEC 933,ACAH-273H,9. 06062026_RDO_ACAH-273H_WO#02 SINOPEC-933.pdf,RESOLVED,1,/Users/jason/Documents/厄瓜钻井日报解析/厄瓜多尔资料/日报资料/修井/13. ACAH-273H/9. 06062026_RDO_ACAH-273H_WO#02 SINOPEC-933.pdf,MATCHED,NORMALIZED,warning,COMPLETED,15,10,24.0,10,0,24.0,0.0,0,[],PASS,[]
workover:ACAH-270H:2026-06-07:1,workover,2026-06-07,SINOPEC 933,ACAH-270H,1. 07062026_RDO_ACAH-270H_WO#03 SINOPEC-933.pdf,RESOLVED,1,/Users/jason/Documents/厄瓜钻井日报解析/厄瓜多尔资料/日报资料/修井/14. ACAH-270H/1. 07062026_RDO_ACAH-270H_WO#03 SINOPEC-933.pdf,MATCHED,NORMALIZED,warning,COMPLETED,6,1,8.0,1,0,8.0,0.0,0,"[""HOURS_NOT_24""]",REVIEW,"[""BOUNDARY_HOURS_NOT_24""]"
workover:ACAH-273H:2026-06-07:10,workover,2026-06-07,SINOPEC 933,ACAH-273H,10. 06072026_RDO_ACAH-273H_WO#02 SINOPEC-933.pdf,RESOLVED,1,/Users/jason/Documents/厄瓜钻井日报解析/厄瓜多尔资料/日报资料/修井/13. ACAH-273H/10. 06072026_RDO_ACAH-273H_WO#02 SINOPEC-933.pdf,MATCHED,NORMALIZED,warning,COMPLETED,15,10,16.0,10,0,16.0,0.0,0,"[""HOURS_NOT_24""]",REVIEW,"[""BOUNDARY_HOURS_NOT_24""]"
workover:ACAH-270H:2026-06-08:2,workover,2026-06-08,SINOPEC 933,ACAH-270H,2. 08062026_RDO_ACAH-270H_WO#03 SINOPEC-933.pdf,RESOLVED,1,/Users/jason/Documents/厄瓜钻井日报解析/厄瓜多尔资料/日报资料/修井/14. ACAH-270H/2. 08062026_RDO_ACAH-270H_WO#03 SINOPEC-933.pdf,MATCHED,NORMALIZED,ok,COMPLETED,10,4,24.0,4,0,24.0,0.0,1,[],PASS,[]
workover:ACAH-270H:2026-06-09:3,workover,2026-06-09,SINOPEC 933,ACAH-270H,3. 09062026_RDO_ACAH-270H_WO#03 SINOPEC-933.pdf,RESOLVED,1,/Users/jason/Documents/厄瓜钻井日报解析/厄瓜多尔资料/日报资料/修井/14. ACAH-270H/3. 09062026_RDO_ACAH-270H_WO#03 SINOPEC-933.pdf,MATCHED,NORMALIZED,warning,COMPLETED,15,9,24.0,9,0,24.0,0.0,0,[],PASS,[]
move:TCHA-006I:2026-06-10:5,move,2026-06-10,SINOPEC 168,TCHA-006I,06102026-TCHA-006I-SIN-168-PEC-005-V1R1-REPORTE DIARIO DE MOVILIZACIÓN.pdf,RESOLVED,1,/Users/jason/Documents/厄瓜钻井日报解析/厄瓜多尔资料/华为ai任务资料/搬迁日报/06102026-TCHA-006I-SIN-168-PEC-005-V1R1-REPORTE DIARIO DE MOVILIZACIÓN.pdf,MATCHED,NORMALIZED,ok,COMPLETED,7,3,24.0,3,0,24.0,0.0,0,[],PASS,[]
workover:ACAH-270H:2026-06-10:4,workover,2026-06-10,SINOPEC 933,ACAH-270H,4. 10062026_RDO_ACAH-270H_WO#03 SINOPEC-933.pdf,IDENTICAL_DUPLICATES,2,/Users/jason/Documents/厄瓜钻井日报解析/厄瓜多尔资料/华为ai任务资料/修井日报/4. 10062026_RDO_ACAH-270H_WO#03 SINOPEC-933.pdf,MATCHED,NORMALIZED,warning,COMPLETED,17,11,24.0,11,0,24.0,0.0,0,[],PASS,[]
completion:LOBC-010:2026-06-11:8,completion,2026-06-11,SINOPEC 127,LOBC-010,06112026-LOBC-010-SIN-127-PEC-008-V1R1-REPORTE DIARIO DE COMPLETACIÓN.pdf,RESOLVED,1,/Users/jason/Documents/厄瓜钻井日报解析/厄瓜多尔资料/华为ai任务资料/完井日报/06112026-LOBC-010-SIN-127-PEC-008-V1R1-REPORTE DIARIO DE COMPLETACIÓN.pdf,MATCHED,NORMALIZED,warning,COMPLETED,11,5,24.0,5,0,24.0,0.0,0,[],PASS,[]
completion:SCHAS-513:2026-06-11:7,completion,2026-06-11,SINOPEC 219,SCHAS-513,06112026-SCHAS-513-SIN-219-PEC-007-V1R1 REPORTE DIARIO DE COMPLETACIÓN.pdf,RESOLVED,1,/Users/jason/Documents/厄瓜钻井日报解析/厄瓜多尔资料/华为ai任务资料/完井日报/06112026-SCHAS-513-SIN-219-PEC-007-V1R1 REPORTE DIARIO DE COMPLETACIÓN.pdf,MATCHED,NORMALIZED,warning,COMPLETED,15,9,24.0,9,0,24.0,0.0,0,[],PASS,[]
drilling:PCNC-040:2026-06-11:11,drilling,2026-06-11,SINOPEC 248,PCNC-040,11062026_PCNC-040_SIN-248_RD11_REPORTE DIARIO DE PERFORACION.pdf,RESOLVED,1,/Users/jason/Documents/厄瓜钻井日报解析/厄瓜多尔资料/华为ai任务资料/钻井日报/11062026_PCNC-040_SIN-248_RD11_REPORTE DIARIO DE PERFORACION.pdf,MATCHED,NORMALIZED,ok,COMPLETED,12,6,24.0,6,0,24.0,0.0,0,[],PASS,[]
drilling:SCHAO-611:2026-06-11:16,drilling,2026-06-11,SINOPEC 129,SCHAO-611,06112026-SCHAO-611-SNP-129-PEC-016-V1R1-REPORTE DIARIO DE PERFORACIÓN.pdf,RESOLVED,1,/Users/jason/Documents/厄瓜钻井日报解析/厄瓜多尔资料/华为ai任务资料/钻井日报/06112026-SCHAO-611-SNP-129-PEC-016-V1R1-REPORTE DIARIO DE PERFORACIÓN.pdf,MATCHED,NORMALIZED,ok,COMPLETED,19,13,24.0,13,0,24.0,0.0,0,[],PASS,[]
workover:ACAH-270H:2026-06-11:5,workover,2026-06-11,SINOPEC 933,ACAH-270H,5. 11062026_RDO_ACAH-270H_WO#03 SINOPEC-933.pdf,RESOLVED,1,/Users/jason/Documents/厄瓜钻井日报解析/厄瓜多尔资料/日报资料/修井/14. ACAH-270H/5. 11062026_RDO_ACAH-270H_WO#03 SINOPEC-933.pdf,MATCHED,NORMALIZED,warning,COMPLETED,17,11,24.0,11,0,24.0,0.0,0,[],PASS,[]
workover:SHSG-160:2026-06-11:2,workover,2026-06-11,SINOPEC-905,SHSG-160,2- REPORTE DIARIO SHSG-160 WO#05 11-JUNIO-2026.pdf,RESOLVED,1,/Users/jason/Documents/厄瓜钻井日报解析/厄瓜多尔资料/华为ai任务资料/修井日报/2- REPORTE DIARIO SHSG-160 WO#05 11-JUNIO-2026.pdf,MATCHED,NORMALIZED,warning,COMPLETED,17,11,24.0,11,0,24.0,0.0,0,[],PASS,[]
workover:ACAH-270H:2026-06-12:6,workover,2026-06-12,SINOPEC 933,ACAH-270H,6. 12062026_RDO_ACAH-270H_WO#03 SINOPEC-933.pdf,RESOLVED,1,/Users/jason/Documents/厄瓜钻井日报解析/厄瓜多尔资料/日报资料/修井/14. ACAH-270H/6. 12062026_RDO_ACAH-270H_WO#03 SINOPEC-933.pdf,MATCHED,NORMALIZED,warning,COMPLETED,14,9,24.0,9,0,24.0,0.0,0,[],PASS,[]
workover:ACAH-270H:2026-06-13:7,workover,2026-06-13,SINOPEC 933,ACAH-270H,7. 13062026_RDO_ACAH-270H_WO#03 SINOPEC-933.pdf,RESOLVED,1,/Users/jason/Documents/厄瓜钻井日报解析/厄瓜多尔资料/日报资料/修井/14. ACAH-270H/7. 13062026_RDO_ACAH-270H_WO#03 SINOPEC-933.pdf,MATCHED,NORMALIZED,warning,COMPLETED,15,9,24.0,9,0,24.0,0.0,0,[],PASS,[]
workover:ACAH-270H:2026-06-14:8,workover,2026-06-14,SINOPEC 933,ACAH-270H,8. 14062026_RDO_ACAH-270H_WO#03 SINOPEC-933.pdf,RESOLVED,1,/Users/jason/Documents/厄瓜钻井日报解析/厄瓜多尔资料/日报资料/修井/14. ACAH-270H/8. 14062026_RDO_ACAH-270H_WO#03 SINOPEC-933.pdf,MATCHED,NORMALIZED,warning,COMPLETED,8,2,24.0,2,0,24.0,0.0,0,[],PASS,[]
workover:ACAH-270H:2026-06-15:9,workover,2026-06-15,SINOPEC 933,ACAH-270H,9. 15062026_RDO_ACAH-270H_WO#03 SINOPEC-933.pdf,RESOLVED,1,/Users/jason/Documents/厄瓜钻井日报解析/厄瓜多尔资料/日报资料/修井/14. ACAH-270H/9. 15062026_RDO_ACAH-270H_WO#03 SINOPEC-933.pdf,MATCHED,NORMALIZED,warning,COMPLETED,13,7,24.0,7,0,24.0,0.0,0,[],PASS,[]
completion:SCHR-407:2026-06-16:1,completion,2026-06-16,SINOPEC 191,SCHR-407,REPORTES COMPLETOS CPI - SCHR-407.pdf,RESOLVED,1,/Users/jason/Documents/厄瓜钻井日报解析/厄瓜多尔资料/日报资料/完井/REPORTES COMPLETOS CPI - SCHR-407.pdf,MATCHED,NORMALIZED,warning,COMPLETED,15,9,12.0,9,0,12.0,0.0,0,"[""HOURS_NOT_24""]",REVIEW,"[""BOUNDARY_HOURS_NOT_24""]"
workover:ACAH-270H:2026-06-16:10,workover,2026-06-16,SINOPEC 933,ACAH-270H,10. 16062026_RDO_ACAH-270H_WO#03 SINOPEC-933.pdf,RESOLVED,1,/Users/jason/Documents/厄瓜钻井日报解析/厄瓜多尔资料/日报资料/修井/14. ACAH-270H/10. 16062026_RDO_ACAH-270H_WO#03 SINOPEC-933.pdf,MATCHED,NORMALIZED,warning,COMPLETED,15,9,24.0,9,0,24.0,0.0,0,[],PASS,[]
completion:SCHAO-611:2026-06-17:1,completion,2026-06-17,SINOPEC 129,SCHAO-611,REPORTES COMPLETOS CPI - SCHAO-611.pdf,RESOLVED,1,/Users/jason/Documents/厄瓜钻井日报解析/厄瓜多尔资料/日报资料/完井/REPORTES COMPLETOS CPI - SCHAO-611.pdf,MATCHED,NORMALIZED,warning,COMPLETED,10,5,18.0,5,0,18.0,0.0,0,"[""HOURS_NOT_24""]",REVIEW,"[""BOUNDARY_HOURS_NOT_24""]"
completion:SCHR-407:2026-06-17:2,completion,2026-06-17,SINOPEC 191,SCHR-407,REPORTES COMPLETOS CPI - SCHR-407.pdf,RESOLVED,1,/Users/jason/Documents/厄瓜钻井日报解析/厄瓜多尔资料/日报资料/完井/REPORTES COMPLETOS CPI - SCHR-407.pdf,MATCHED,NORMALIZED,warning,COMPLETED,13,7,24.0,7,0,24.0,0.0,0,[],PASS,[]
workover:ACAH-270H:2026-06-17:11,workover,2026-06-17,SINOPEC 933,ACAH-270H,11. 17072026_RDO_ACAH-270H_WO#03 SINOPEC-933.pdf,RESOLVED,1,/Users/jason/Documents/厄瓜钻井日报解析/厄瓜多尔资料/日报资料/修井/14. ACAH-270H/11. 17072026_RDO_ACAH-270H_WO#03 SINOPEC-933.pdf,MATCHED,NORMALIZED,warning,COMPLETED,17,11,20.0,11,0,20.0,0.0,0,"[""HOURS_NOT_24""]",REVIEW,"[""BOUNDARY_HOURS_NOT_24""]"
completion:SCHAO-611:2026-06-18:2,completion,2026-06-18,SINOPEC 129,SCHAO-611,REPORTES COMPLETOS CPI - SCHAO-611.pdf,RESOLVED,1,/Users/jason/Documents/厄瓜钻井日报解析/厄瓜多尔资料/日报资料/完井/REPORTES COMPLETOS CPI - SCHAO-611.pdf,MATCHED,NORMALIZED,warning,COMPLETED,12,7,24.0,7,0,24.0,0.0,0,[],PASS,[]
completion:SCHR-407:2026-06-18:3,completion,2026-06-18,SINOPEC 191,SCHR-407,REPORTES COMPLETOS CPI - SCHR-407.pdf,RESOLVED,1,/Users/jason/Documents/厄瓜钻井日报解析/厄瓜多尔资料/日报资料/完井/REPORTES COMPLETOS CPI - SCHR-407.pdf,MATCHED,NORMALIZED,warning,COMPLETED,16,10,24.0,10,0,24.0,0.0,0,[],PASS,[]
completion:SCHAO-611:2026-06-19:3,completion,2026-06-19,SINOPEC 129,SCHAO-611,REPORTES COMPLETOS CPI - SCHAO-611.pdf,RESOLVED,1,/Users/jason/Documents/厄瓜钻井日报解析/厄瓜多尔资料/日报资料/完井/REPORTES COMPLETOS CPI - SCHAO-611.pdf,MATCHED,NORMALIZED,warning,COMPLETED,16,11,24.0,11,0,24.0,0.0,0,[],PASS,[]
completion:SCHR-407:2026-06-19:4,completion,2026-06-19,SINOPEC 191,SCHR-407,REPORTES COMPLETOS CPI - SCHR-407.pdf,RESOLVED,1,/Users/jason/Documents/厄瓜钻井日报解析/厄瓜多尔资料/日报资料/完井/REPORTES COMPLETOS CPI - SCHR-407.pdf,MATCHED,NORMALIZED,ok,COMPLETED,13,8,24.0,8,0,24.0,0.0,0,[],PASS,[]
completion:SCHAO-611:2026-06-20:4,completion,2026-06-20,SINOPEC 129,SCHAO-611,REPORTES COMPLETOS CPI - SCHAO-611.pdf,RESOLVED,1,/Users/jason/Documents/厄瓜钻井日报解析/厄瓜多尔资料/日报资料/完井/REPORTES COMPLETOS CPI - SCHAO-611.pdf,MATCHED,NORMALIZED,warning,COMPLETED,12,7,24.0,7,0,24.0,0.0,0,[],PASS,[]
completion:SCHR-407:2026-06-20:5,completion,2026-06-20,SINOPEC 191,SCHR-407,REPORTES COMPLETOS CPI - SCHR-407.pdf,RESOLVED,1,/Users/jason/Documents/厄瓜钻井日报解析/厄瓜多尔资料/日报资料/完井/REPORTES COMPLETOS CPI - SCHR-407.pdf,MATCHED,NORMALIZED,warning,COMPLETED,13,8,24.0,8,0,24.0,0.0,0,[],PASS,[]
completion:SCHAO-611:2026-06-21:5,completion,2026-06-21,SINOPEC 129,SCHAO-611,REPORTES COMPLETOS CPI - SCHAO-611.pdf,RESOLVED,1,/Users/jason/Documents/厄瓜钻井日报解析/厄瓜多尔资料/日报资料/完井/REPORTES COMPLETOS CPI - SCHAO-611.pdf,MATCHED,NORMALIZED,warning,COMPLETED,15,10,24.0,10,0,24.0,0.0,0,[],PASS,[]
completion:SCHR-407:2026-06-21:6,completion,2026-06-21,SINOPEC 191,SCHR-407,REPORTES COMPLETOS CPI - SCHR-407.pdf,RESOLVED,1,/Users/jason/Documents/厄瓜钻井日报解析/厄瓜多尔资料/日报资料/完井/REPORTES COMPLETOS CPI - SCHR-407.pdf,MATCHED,NORMALIZED,warning,COMPLETED,15,9,24.0,9,0,24.0,0.0,0,[],PASS,[]
completion:SCHAO-611:2026-06-22:6,completion,2026-06-22,SINOPEC 129,SCHAO-611,REPORTES COMPLETOS CPI - SCHAO-611.pdf,RESOLVED,1,/Users/jason/Documents/厄瓜钻井日报解析/厄瓜多尔资料/日报资料/完井/REPORTES COMPLETOS CPI - SCHAO-611.pdf,MATCHED,NORMALIZED,warning,COMPLETED,11,6,24.0,6,0,24.0,0.0,0,[],PASS,[]
completion:SCHR-407:2026-06-22:7,completion,2026-06-22,SINOPEC 191,SCHR-407,REPORTES COMPLETOS CPI - SCHR-407.pdf,RESOLVED,1,/Users/jason/Documents/厄瓜钻井日报解析/厄瓜多尔资料/日报资料/完井/REPORTES COMPLETOS CPI - SCHR-407.pdf,MATCHED,NORMALIZED,warning,COMPLETED,12,6,24.0,6,0,24.0,0.0,0,[],PASS,[]
completion:03GCLH-023:2026-06-23:1,completion,2026-06-23,SINOPEC 183,03GCLH-023,REPORTES COMPLETOS CPI - GCLH-023.pdf,RESOLVED,1,/Users/jason/Documents/厄瓜钻井日报解析/厄瓜多尔资料/日报资料/完井/REPORTES COMPLETOS CPI - GCLH-023.pdf,MATCHED,NORMALIZED,warning,COMPLETED,13,7,12.0,7,0,12.0,0.0,0,"[""HOURS_NOT_24""]",REVIEW,"[""BOUNDARY_HOURS_NOT_24""]"
completion:SCHAO-611:2026-06-23:7,completion,2026-06-23,SINOPEC 129,SCHAO-611,REPORTES COMPLETOS CPI - SCHAO-611.pdf,RESOLVED,1,/Users/jason/Documents/厄瓜钻井日报解析/厄瓜多尔资料/日报资料/完井/REPORTES COMPLETOS CPI - SCHAO-611.pdf,MATCHED,NORMALIZED,warning,COMPLETED,13,8,24.0,8,0,24.0,0.0,0,[],PASS,[]
completion:SCHR-407:2026-06-23:8,completion,2026-06-23,SINOPEC 191,SCHR-407,REPORTES COMPLETOS CPI - SCHR-407.pdf,RESOLVED,1,/Users/jason/Documents/厄瓜钻井日报解析/厄瓜多尔资料/日报资料/完井/REPORTES COMPLETOS CPI - SCHR-407.pdf,MATCHED,NORMALIZED,warning,COMPLETED,13,7,24.0,7,0,24.0,0.0,0,[],PASS,[]
completion:SCHAO-611:2026-06-24:8,completion,2026-06-24,SINOPEC 129,SCHAO-611,REPORTES COMPLETOS CPI - SCHAO-611.pdf,RESOLVED,1,/Users/jason/Documents/厄瓜钻井日报解析/厄瓜多尔资料/日报资料/完井/REPORTES COMPLETOS CPI - SCHAO-611.pdf,MATCHED,NORMALIZED,warning,COMPLETED,15,8,24.0,8,0,24.0,0.0,0,[],PASS,[]
completion:SCHR-407:2026-06-24:9,completion,2026-06-24,SINOPEC 191,SCHR-407,REPORTES COMPLETOS CPI - SCHR-407.pdf,RESOLVED,1,/Users/jason/Documents/厄瓜钻井日报解析/厄瓜多尔资料/日报资料/完井/REPORTES COMPLETOS CPI - SCHR-407.pdf,MATCHED,NORMALIZED,warning,COMPLETED,13,7,24.0,7,0,24.0,0.0,0,[],PASS,[]
completion:03GCLH-023:2026-06-25:2,completion,2026-06-25,SINOPEC 183,03GCLH-023,REPORTES COMPLETOS CPI - GCLH-023.pdf,RESOLVED,1,/Users/jason/Documents/厄瓜钻井日报解析/厄瓜多尔资料/日报资料/完井/REPORTES COMPLETOS CPI - GCLH-023.pdf,MATCHED,NORMALIZED,warning,COMPLETED,9,4,24.0,4,0,24.0,0.0,0,[],PASS,[]
completion:SCHAO-611:2026-06-25:9,completion,2026-06-25,SINOPEC 129,SCHAO-611,REPORTES COMPLETOS CPI - SCHAO-611.pdf,RESOLVED,1,/Users/jason/Documents/厄瓜钻井日报解析/厄瓜多尔资料/日报资料/完井/REPORTES COMPLETOS CPI - SCHAO-611.pdf,MATCHED,NORMALIZED,warning,COMPLETED,17,10,24.0,10,0,24.0,0.0,0,[],PASS,[]
completion:SCHR-407:2026-06-25:10,completion,2026-06-25,SINOPEC 191,SCHR-407,REPORTES COMPLETOS CPI - SCHR-407.pdf,RESOLVED,1,/Users/jason/Documents/厄瓜钻井日报解析/厄瓜多尔资料/日报资料/完井/REPORTES COMPLETOS CPI - SCHR-407.pdf,MATCHED,NORMALIZED,warning,COMPLETED,10,4,24.0,4,0,24.0,0.0,0,[],PASS,[]
workover:YLBD-043H:2026-06-25:1,workover,2026-06-25,SINOPEC 933,YLBD-043H,1. 25062026_RDO_YLBD-043HST1_WO#01 SINOPEC-933.pdf,RESOLVED,1,/Users/jason/Documents/厄瓜钻井日报解析/厄瓜多尔资料/日报资料/修井/16. YLBD-043HS1/1. 25062026_RDO_YLBD-043HST1_WO#01 SINOPEC-933.pdf,MATCHED,NORMALIZED,warning,COMPLETED,5,1,3.0,1,0,3.0,0.0,0,"[""HOURS_NOT_24""]",REVIEW,"[""BOUNDARY_HOURS_NOT_24""]"
completion:03GCLH-023:2026-06-26:3,completion,2026-06-26,SINOPEC 183,03GCLH-023,REPORTES COMPLETOS CPI - GCLH-023.pdf,RESOLVED,1,/Users/jason/Documents/厄瓜钻井日报解析/厄瓜多尔资料/日报资料/完井/REPORTES COMPLETOS CPI - GCLH-023.pdf,MATCHED,NORMALIZED,warning,COMPLETED,6,1,24.0,1,0,24.0,0.0,0,[],PASS,[]
completion:SCHAO-611:2026-06-26:10,completion,2026-06-26,SINOPEC 129,SCHAO-611,REPORTES COMPLETOS CPI - SCHAO-611.pdf,RESOLVED,1,/Users/jason/Documents/厄瓜钻井日报解析/厄瓜多尔资料/日报资料/完井/REPORTES COMPLETOS CPI - SCHAO-611.pdf,MATCHED,NORMALIZED,warning,COMPLETED,10,3,24.0,3,0,24.0,0.0,0,[],PASS,[]
completion:SCHR-407:2026-06-26:11,completion,2026-06-26,SINOPEC 191,SCHR-407,REPORTES COMPLETOS CPI - SCHR-407.pdf,RESOLVED,1,/Users/jason/Documents/厄瓜钻井日报解析/厄瓜多尔资料/日报资料/完井/REPORTES COMPLETOS CPI - SCHR-407.pdf,MATCHED,NORMALIZED,warning,COMPLETED,10,4,24.0,4,0,24.0,0.0,0,[],PASS,[]
workover:YLBD-043H:2026-06-26:2,workover,2026-06-26,SINOPEC 933,YLBD-043H,2. 26062026_RDO_YLBD-043HST1_WO#01 SINOPEC-933.pdf,RESOLVED,1,/Users/jason/Documents/厄瓜钻井日报解析/厄瓜多尔资料/日报资料/修井/16. YLBD-043HS1/2. 26062026_RDO_YLBD-043HST1_WO#01 SINOPEC-933.pdf,MATCHED,NORMALIZED,warning,COMPLETED,9,4,24.0,4,0,24.0,0.0,0,[],PASS,[]
completion:03GCLH-023:2026-06-27:4,completion,2026-06-27,SINOPEC 183,03GCLH-023,REPORTES COMPLETOS CPI - GCLH-023.pdf,RESOLVED,1,/Users/jason/Documents/厄瓜钻井日报解析/厄瓜多尔资料/日报资料/完井/REPORTES COMPLETOS CPI - GCLH-023.pdf,MATCHED,NORMALIZED,ok,COMPLETED,17,11,24.0,11,0,24.0,0.0,0,[],PASS,[]
completion:SCHAO-611:2026-06-27:11,completion,2026-06-27,SINOPEC 129,SCHAO-611,REPORTES COMPLETOS CPI - SCHAO-611.pdf,RESOLVED,1,/Users/jason/Documents/厄瓜钻井日报解析/厄瓜多尔资料/日报资料/完井/REPORTES COMPLETOS CPI - SCHAO-611.pdf,MATCHED,NORMALIZED,warning,COMPLETED,10,3,24.0,3,0,24.0,0.0,0,[],PASS,[]
completion:SCHR-407:2026-06-27:12,completion,2026-06-27,SINOPEC 191,SCHR-407,REPORTES COMPLETOS CPI - SCHR-407.pdf,RESOLVED,1,/Users/jason/Documents/厄瓜钻井日报解析/厄瓜多尔资料/日报资料/完井/REPORTES COMPLETOS CPI - SCHR-407.pdf,MATCHED,NORMALIZED,warning,COMPLETED,10,4,24.0,4,0,24.0,0.0,0,[],PASS,[]
workover:YLBD-043HS1:2026-06-27:3,workover,2026-06-27,SINOPEC 933,YLBD-043HS1,3. 27062026_RDO_YLBD-043HST1_WO#01 SINOPEC-933.pdf,RESOLVED,1,/Users/jason/Documents/厄瓜钻井日报解析/厄瓜多尔资料/日报资料/修井/16. YLBD-043HS1/3. 27062026_RDO_YLBD-043HST1_WO#01 SINOPEC-933.pdf,MATCHED,NORMALIZED,warning,COMPLETED,14,9,24.0,9,0,24.0,0.0,0,[],PASS,[]
completion:03GCLH-023:2026-06-28:5,completion,2026-06-28,SINOPEC 183,03GCLH-023,REPORTES COMPLETOS CPI - GCLH-023.pdf,RESOLVED,1,/Users/jason/Documents/厄瓜钻井日报解析/厄瓜多尔资料/日报资料/完井/REPORTES COMPLETOS CPI - GCLH-023.pdf,MATCHED,NORMALIZED,warning,COMPLETED,14,8,24.0,8,0,24.0,0.0,0,[],PASS,[]
completion:SCHAO-611:2026-06-28:12,completion,2026-06-28,SINOPEC 129,SCHAO-611,REPORTES COMPLETOS CPI - SCHAO-611.pdf,RESOLVED,1,/Users/jason/Documents/厄瓜钻井日报解析/厄瓜多尔资料/日报资料/完井/REPORTES COMPLETOS CPI - SCHAO-611.pdf,MATCHED,NORMALIZED,warning,COMPLETED,20,13,24.0,13,0,24.0,0.0,0,[],PASS,[]
completion:SCHR-407:2026-06-28:13,completion,2026-06-28,SINOPEC 191,SCHR-407,REPORTES COMPLETOS CPI - SCHR-407.pdf,RESOLVED,1,/Users/jason/Documents/厄瓜钻井日报解析/厄瓜多尔资料/日报资料/完井/REPORTES COMPLETOS CPI - SCHR-407.pdf,MATCHED,NORMALIZED,warning,COMPLETED,18,12,24.0,12,0,24.0,0.0,0,[],PASS,[]
workover:YLBD-043HS1:2026-06-28:4,workover,2026-06-28,SINOPEC 933,YLBD-043HS1,4. 28062026_RDO_YLBD-043HST1_WO#01 SINOPEC-933.pdf,RESOLVED,1,/Users/jason/Documents/厄瓜钻井日报解析/厄瓜多尔资料/日报资料/修井/16. YLBD-043HS1/4. 28062026_RDO_YLBD-043HST1_WO#01 SINOPEC-933.pdf,MATCHED,NORMALIZED,warning,COMPLETED,17,12,24.0,12,0,24.0,0.0,0,[],PASS,[]
completion:03GCLH-023:2026-06-29:6,completion,2026-06-29,SINOPEC 183,03GCLH-023,REPORTES COMPLETOS CPI - GCLH-023.pdf,RESOLVED,1,/Users/jason/Documents/厄瓜钻井日报解析/厄瓜多尔资料/日报资料/完井/REPORTES COMPLETOS CPI - GCLH-023.pdf,MATCHED,NORMALIZED,warning,COMPLETED,13,7,24.0,7,0,24.0,0.0,0,[],PASS,[]
workover:YLBD-043HS1:2026-06-29:5,workover,2026-06-29,SINOPEC 933,YLBD-043HS1,5. 29062026_RDO_YLBD-043HST1_WO#01 SINOPEC-933.pdf,RESOLVED,1,/Users/jason/Documents/厄瓜钻井日报解析/厄瓜多尔资料/日报资料/修井/16. YLBD-043HS1/5. 29062026_RDO_YLBD-043HST1_WO#01 SINOPEC-933.pdf,MATCHED,NORMALIZED,warning,COMPLETED,17,12,24.0,12,0,24.0,0.0,0,[],PASS,[]
completion:03GCLH-023:2026-06-30:7,completion,2026-06-30,SINOPEC 183,03GCLH-023,REPORTES COMPLETOS CPI - GCLH-023.pdf,RESOLVED,1,/Users/jason/Documents/厄瓜钻井日报解析/厄瓜多尔资料/日报资料/完井/REPORTES COMPLETOS CPI - GCLH-023.pdf,MATCHED,NORMALIZED,warning,COMPLETED,19,13,24.0,13,0,24.0,0.0,0,[],PASS,[]
workover:YLBD-043HS1:2026-06-30:6,workover,2026-06-30,SINOPEC 933,YLBD-043HS1,6. 30062026_RDO_YLBD-043HST1_WO#01 SINOPEC-933.pdf,RESOLVED,1,/Users/jason/Documents/厄瓜钻井日报解析/厄瓜多尔资料/日报资料/修井/16. YLBD-043HS1/6. 30062026_RDO_YLBD-043HST1_WO#01 SINOPEC-933.pdf,MATCHED,NORMALIZED,warning,COMPLETED,17,12,24.0,12,0,24.0,0.0,0,[],PASS,[]
completion:03GCLH-023:2026-07-01:8,completion,2026-07-01,SINOPEC 183,03GCLH-023,REPORTES COMPLETOS CPI - GCLH-023.pdf,RESOLVED,1,/Users/jason/Documents/厄瓜钻井日报解析/厄瓜多尔资料/日报资料/完井/REPORTES COMPLETOS CPI - GCLH-023.pdf,MATCHED,NORMALIZED,warning,COMPLETED,9,3,24.0,3,0,24.0,0.0,0,[],PASS,[]
workover:YLBD-043HS1:2026-07-01:7,workover,2026-07-01,SINOPEC 933,YLBD-043HS1,7. 01072026_RDO_YLBD-043HST1_WO#01 SINOPEC-933.pdf,RESOLVED,1,/Users/jason/Documents/厄瓜钻井日报解析/厄瓜多尔资料/日报资料/修井/16. YLBD-043HS1/7. 01072026_RDO_YLBD-043HST1_WO#01 SINOPEC-933.pdf,MATCHED,NORMALIZED,warning,COMPLETED,11,6,24.0,6,0,24.0,0.0,0,[],PASS,[]
completion:03GCLH-023:2026-07-02:9,completion,2026-07-02,SINOPEC 183,03GCLH-023,REPORTES COMPLETOS CPI - GCLH-023.pdf,RESOLVED,1,/Users/jason/Documents/厄瓜钻井日报解析/厄瓜多尔资料/日报资料/完井/REPORTES COMPLETOS CPI - GCLH-023.pdf,MATCHED,NORMALIZED,warning,COMPLETED,10,4,24.0,4,0,24.0,0.0,0,[],PASS,[]
workover:YLBD-043HS1:2026-07-02:8,workover,2026-07-02,SINOPEC 933,YLBD-043HS1,8. 02072026_RDO_YLBD-043HST1_WO#01 SINOPEC-933.pdf,RESOLVED,1,/Users/jason/Documents/厄瓜钻井日报解析/厄瓜多尔资料/日报资料/修井/16. YLBD-043HS1/8. 02072026_RDO_YLBD-043HST1_WO#01 SINOPEC-933.pdf,MATCHED,NORMALIZED,warning,COMPLETED,14,9,24.0,9,0,24.0,0.0,0,[],PASS,[]
completion:03GCLH-023:2026-07-03:10,completion,2026-07-03,SINOPEC 183,03GCLH-023,REPORTES COMPLETOS CPI - GCLH-023.pdf,RESOLVED,1,/Users/jason/Documents/厄瓜钻井日报解析/厄瓜多尔资料/日报资料/完井/REPORTES COMPLETOS CPI - GCLH-023.pdf,MATCHED,NORMALIZED,warning,COMPLETED,18,12,24.0,12,0,24.0,0.0,0,[],PASS,[]
workover:YLBD-043HS1:2026-07-03:9,workover,2026-07-03,SINOPEC 933,YLBD-043HS1,9. 03072026_RDO_YLBD-043HST1_WO#01 SINOPEC-933.pdf,RESOLVED,1,/Users/jason/Documents/厄瓜钻井日报解析/厄瓜多尔资料/日报资料/修井/16. YLBD-043HS1/9. 03072026_RDO_YLBD-043HST1_WO#01 SINOPEC-933.pdf,MATCHED,NORMALIZED,warning,COMPLETED,16,11,24.0,11,0,24.0,0.0,0,[],PASS,[]
workover:YLBD-043HS1:2026-07-04:10,workover,2026-07-04,SINOPEC 933,YLBD-043HS1,10. 04072026_RDO_YLBD-043HST1_WO#01 SINOPEC-933.pdf,RESOLVED,1,/Users/jason/Documents/厄瓜钻井日报解析/厄瓜多尔资料/日报资料/修井/16. YLBD-043HS1/10. 04072026_RDO_YLBD-043HST1_WO#01 SINOPEC-933.pdf,MATCHED,NORMALIZED,warning,COMPLETED,14,9,24.0,9,0,24.0,0.0,0,[],PASS,[]
workover:YLBD-043HS1:2026-07-05:11,workover,2026-07-05,SINOPEC 933,YLBD-043HS1,11. 05072026_RDO_YLBD-043HST1_WO#01 SINOPEC-933.pdf,RESOLVED,1,/Users/jason/Documents/厄瓜钻井日报解析/厄瓜多尔资料/日报资料/修井/16. YLBD-043HS1/11. 05072026_RDO_YLBD-043HST1_WO#01 SINOPEC-933.pdf,MATCHED,NORMALIZED,warning,COMPLETED,9,4,24.0,4,0,24.0,0.0,0,[],PASS,[]
workover:YLBD-043HS1:2026-07-06:12,workover,2026-07-06,SINOPEC 933,YLBD-043HS1,12. 06072026_RDO_YLBD-043HST1_WO#01 SINOPEC-933.pdf,RESOLVED,1,/Users/jason/Documents/厄瓜钻井日报解析/厄瓜多尔资料/日报资料/修井/16. YLBD-043HS1/12. 06072026_RDO_YLBD-043HST1_WO#01 SINOPEC-933.pdf,MATCHED,NORMALIZED,warning,COMPLETED,10,5,24.0,5,0,24.0,0.0,0,[],PASS,[]
drilling:SCHAO-612:2026-07-07:8,drilling,2026-07-07,SINOPEC 129,SCHAO-612,07072026-SCHAO-612-SIN-129-PEC-008-V1R1-REPORTE DIARIO DE PERFORACIÓN.pdf,RESOLVED,1,/Users/jason/Documents/厄瓜钻井日报解析/厄瓜多尔资料/第二批日报/07072026-SCHAO-612-SIN-129-PEC-008-V1R1-REPORTE DIARIO DE PERFORACIÓN.pdf,MATCHED,NORMALIZED,warning,COMPLETED,14,8,24.0,8,0,24.0,0.0,0,[],PASS,[]
workover:YLBD-043HS1:2026-07-07:13,workover,2026-07-07,SINOPEC 933,YLBD-043HS1,13. 07072026_RDO_YLBD-043HST1_WO#01 SINOPEC-933.pdf,RESOLVED,1,/Users/jason/Documents/厄瓜钻井日报解析/厄瓜多尔资料/日报资料/修井/16. YLBD-043HS1/13. 07072026_RDO_YLBD-043HST1_WO#01 SINOPEC-933.pdf,MATCHED,NORMALIZED,warning,COMPLETED,17,12,22.0,12,0,22.0,0.0,0,"[""HOURS_NOT_24""]",REVIEW,"[""BOUNDARY_HOURS_NOT_24""]"
drilling:GCLH-024:2026-07-13:9,drilling,2026-07-13,SINOPEC 183,GCLH-024,07132026-GCLH-024-SIN-183-PEC-009-V1R1-REPORTE DIARIO DE PERFORACION.pdf,RESOLVED,1,/Users/jason/Documents/厄瓜钻井日报解析/厄瓜多尔资料/第二批日报/07132026-GCLH-024-SIN-183-PEC-009-V1R1-REPORTE DIARIO DE PERFORACION.pdf,MATCHED,NORMALIZED,ok,COMPLETED,12,6,24.0,6,0,24.0,0.0,0,[],PASS,[]
drilling:SCHAS-511:2026-07-13:23,drilling,2026-07-13,SINOPEC 219,SCHAS-511,07132026-SCHAS-511-SIN-219-PEC-023-V1R1 REPORTE DIARIO DE PERFORACION.pdf,RESOLVED,1,/Users/jason/Documents/厄瓜钻井日报解析/厄瓜多尔资料/第二批日报/07132026-SCHAS-511-SIN-219-PEC-023-V1R1 REPORTE DIARIO DE PERFORACION.pdf,MATCHED,NORMALIZED,warning,COMPLETED,18,12,24.0,12,0,24.0,0.0,0,[],PASS,[]
workover:ACAM-148:2026-07-13:20,workover,2026-07-13,SINOPEC 976,ACAM-148,20. 13072026_RDO_ACAM-148_WO#03_SINOPEC-976.pdf,RESOLVED,1,/Users/jason/Documents/厄瓜钻井日报解析/厄瓜多尔资料/第二批日报/20. 13072026_RDO_ACAM-148_WO#03_SINOPEC-976.pdf,MATCHED,NORMALIZED,warning,COMPLETED,21,14,24.0,14,0,24.0,0.0,0,[],PASS,[]
workover:AGRA-041:2026-07-13:20,workover,2026-07-13,SINOPEC-904,AGRA-041,13072026-AGRA-041 WO#02-RIG SNP-904-REPORTE DIARIO OW-20 (1).pdf,RESOLVED,1,/Users/jason/Documents/厄瓜钻井日报解析/厄瓜多尔资料/第二批日报/13072026-AGRA-041 WO#02-RIG SNP-904-REPORTE DIARIO OW-20 (1).pdf,MATCHED,NORMALIZED,warning,COMPLETED,14,7,24.0,7,0,24.0,0.0,0,[],PASS,[]
workover:YLBD-025:2026-07-13:7,workover,2026-07-13,SINOPEC 933,YLBD-025,7. 13072026_RDO_YLBD-025_WO#02 SINOPEC-933.pdf,RESOLVED,1,/Users/jason/Documents/厄瓜钻井日报解析/厄瓜多尔资料/第二批日报/7. 13072026_RDO_YLBD-025_WO#02 SINOPEC-933.pdf,MATCHED,NORMALIZED,warning,COMPLETED,11,6,24.0,6,0,24.0,0.0,0,[],PASS,[]
completion:TCHA-006I:2026-07-14:4,completion,2026-07-14,SINOPEC 168,TCHA-006I,07142026-TCHA-006I-SIN-168-PEC-004-V1R1-REPORTE DIARIO DE COMPLETACIÓN.pdf,RESOLVED,1,/Users/jason/Documents/厄瓜钻井日报解析/厄瓜多尔资料/第二批日报/07142026-TCHA-006I-SIN-168-PEC-004-V1R1-REPORTE DIARIO DE COMPLETACIÓN.pdf,MATCHED,NORMALIZED,warning,COMPLETED,9,4,24.0,4,0,24.0,0.0,0,[],PASS,[]
drilling:SCHAS-511:2026-07-14:24,drilling,2026-07-14,SINOPEC 219,SCHAS-511,07142026-SCHAS-511-SIN-219-PEC-024-V1R1 REPORTE DIARIO DE PERFORACION[1].pdf,RESOLVED,1,/Users/jason/Documents/厄瓜钻井日报解析/厄瓜多尔资料/第二批日报/07142026-SCHAS-511-SIN-219-PEC-024-V1R1 REPORTE DIARIO DE PERFORACION[1].pdf,MATCHED,NORMALIZED,warning,COMPLETED,12,6,24.0,6,0,24.0,0.0,0,[],PASS,[]
workover:ACAM-148:2026-07-14:21,workover,2026-07-14,SINOPEC 976,ACAM-148,21. 14072026_RDO_ACAM-148_WO#03_SINOPEC-976.pdf,RESOLVED,1,/Users/jason/Documents/厄瓜钻井日报解析/厄瓜多尔资料/第二批日报/21. 14072026_RDO_ACAM-148_WO#03_SINOPEC-976.pdf,MATCHED,NORMALIZED,warning,COMPLETED,14,7,24.0,7,0,24.0,0.0,0,[],PASS,[]
workover:SHSK-106:2026-07-14:22,workover,2026-07-14,SINOPEC-903,SHSK-106,14072026-SHSK-106  WO#23-RIG SNP-903-REPORTE DIARIO OW-022.pdf,RESOLVED,1,/Users/jason/Documents/厄瓜钻井日报解析/厄瓜多尔资料/第二批日报/14072026-SHSK-106  WO#23-RIG SNP-903-REPORTE DIARIO OW-022.pdf,MATCHED,NORMALIZED,warning,COMPLETED,14,8,24.0,8,0,24.0,0.0,0,[],PASS,[]
completion:LOBC-011:2026-07-15:10,completion,2026-07-15,SINOPEC 127,LOBC-011,07152026-LOBC-011-SIN-127-PEC-010-V1R1-REPORTE DIARIO DE COMPLETACIÓN.pdf,RESOLVED,1,/Users/jason/Documents/厄瓜钻井日报解析/厄瓜多尔资料/第二批日报/07152026-LOBC-011-SIN-127-PEC-010-V1R1-REPORTE DIARIO DE COMPLETACIÓN.pdf,MATCHED,NORMALIZED,warning,COMPLETED,12,6,24.0,6,0,24.0,0.0,0,[],PASS,[]
completion:TCHA-006I:2026-07-15:5,completion,2026-07-15,SINOPEC 168,TCHA-006I,07152026-TCHA-006I-SIN-168-PEC-005-V1R1-REPORTE DIARIO DE COMPLETACIÓN.pdf,RESOLVED,1,/Users/jason/Documents/厄瓜钻井日报解析/厄瓜多尔资料/第二批日报/07152026-TCHA-006I-SIN-168-PEC-005-V1R1-REPORTE DIARIO DE COMPLETACIÓN.pdf,MATCHED,NORMALIZED,warning,COMPLETED,11,6,24.0,6,0,24.0,0.0,0,[],PASS,[]
drilling:GCLH-024:2026-07-15:11,drilling,2026-07-15,SINOPEC 183,GCLH-024,07152026-GCLH-024-SIN-183-PEC-011-V1R1-REPORTE DIARIO DE PERFORACION.pdf,RESOLVED,1,/Users/jason/Documents/厄瓜钻井日报解析/厄瓜多尔资料/第二批日报/07152026-GCLH-024-SIN-183-PEC-011-V1R1-REPORTE DIARIO DE PERFORACION.pdf,MATCHED,NORMALIZED,ok,COMPLETED,21,15,24.0,15,0,24.0,0.0,0,[],PASS,[]
drilling:JVNC-024:2026-07-15:15,drilling,2026-07-15,SINOPEC 220,JVNC-024,07152026-JVNC-024-SIN-220-PNTI-015-V1R1-REPORTE DIARIO DE PERFORACION.pdf,RESOLVED,1,/Users/jason/Documents/厄瓜钻井日报解析/厄瓜多尔资料/第二批日报/07152026-JVNC-024-SIN-220-PNTI-015-V1R1-REPORTE DIARIO DE PERFORACION.pdf,MATCHED,NORMALIZED,ok,COMPLETED,16,10,24.0,10,0,24.0,0.0,0,[],PASS,[]
drilling:SCHAO-612:2026-07-15:16,drilling,2026-07-15,SINOPEC 129,SCHAO-612,07152026-SCHAO-612-SIN-129-PEC-016-V1R1-REPORTE DIARIO DE PERFORACIÓN.pdf,RESOLVED,1,/Users/jason/Documents/厄瓜钻井日报解析/厄瓜多尔资料/第二批日报/07152026-SCHAO-612-SIN-129-PEC-016-V1R1-REPORTE DIARIO DE PERFORACIÓN.pdf,MATCHED,NORMALIZED,warning,COMPLETED,11,5,24.0,5,0,24.0,0.0,0,[],PASS,[]
drilling:SCHR-219:2026-07-15:16,drilling,2026-07-15,SINOPEC 191,SCHR-219,07152026-SCHR-219-SNP-191-PEC-016-V1R1-REPORTE DIARIO DE PERFORACION.pdf,RESOLVED,1,/Users/jason/Documents/厄瓜钻井日报解析/厄瓜多尔资料/第二批日报/07152026-SCHR-219-SNP-191-PEC-016-V1R1-REPORTE DIARIO DE PERFORACION.pdf,MATCHED,NORMALIZED,ok,COMPLETED,14,9,24.0,9,0,24.0,0.0,0,[],PASS,[]
workover:ACAM-148:2026-07-15:22,workover,2026-07-15,SINOPEC 976,ACAM-148,22. 15072026_RDO_ACAM-148_WO#03_SINOPEC-976.pdf,RESOLVED,1,/Users/jason/Documents/厄瓜钻井日报解析/厄瓜多尔资料/第二批日报/22. 15072026_RDO_ACAM-148_WO#03_SINOPEC-976.pdf,MATCHED,NORMALIZED,warning,COMPLETED,19,12,24.0,12,0,24.0,0.0,0,[],PASS,[]
workover:AGRA-041:2026-07-15:22,workover,2026-07-15,SINOPEC-904,AGRA-041,15072026-AGRA-041 WO#02-RIG SNP-904-REPORTE DIARIO OW-22.pdf,RESOLVED,1,/Users/jason/Documents/厄瓜钻井日报解析/厄瓜多尔资料/第二批日报/15072026-AGRA-041 WO#02-RIG SNP-904-REPORTE DIARIO OW-22.pdf,MATCHED,NORMALIZED,warning,COMPLETED,16,9,24.0,9,0,24.0,0.0,0,[],PASS,[]
